city, state_id, state_name, county, longitude, latitude, zips, fips id
Springville,NY,New York,Erie,42.5084,-78.6696,14141,1840004391
Franklinville,NY,New York,Cattaraugus,42.3347,-78.4548,14737,1840004589
Brewster,NY,New York,Putnam,41.3972,-73.6157,10509,1840004893
East Middletown,NY,New York,Orange,41.4443,-74.3999,10940,1840033875
Bay Shore,NY,New York,Suffolk,40.7317,-73.2505,11706,1840005017
Jefferson Heights,NY,New York,Greene,42.2361,-73.8822,12414,1840004644
Kensington,NY,New York,Nassau,40.7931,-73.7221,11021,1840005298
Hortonville,NY,New York,Sullivan,41.7661,-75.022,12723 12745,1840024108
Dundee,NY,New York,Yates,42.5237,-76.9775,14837,1840004506
Bolivar,NY,New York,Allegany,42.0685,-78.1662,14715,1840004613
Wayland,NY,New York,Steuben,42.5659,-77.5925,14572,1840004555
Fishers Landing,NY,New York,Jefferson,44.2741,-76.007,13641,1840023980
East Greenbush,NY,New York,Rensselaer,42.5934,-73.7025,12061,1840004432
West Nyack,NY,New York,Rockland,41.0907,-73.9714,10994,1840004973
Shawnee,NY,New York,Niagara,43.1281,-78.8378,14132,1840033958
Malverne,NY,New York,Nassau,40.6746,-73.6721,11565,1840005305
Valley Stream,NY,New York,Nassau,40.6647,-73.7044,11580 11581 11582,1840005331
Pomona,NY,New York,Rockland,41.1892,-74.0543,10901 10970,1840004983
Perrysburg,NY,New York,Cattaraugus,42.4589,-79.0008,14129,1840004593
Marcellus,NY,New York,Onondaga,42.9838,-76.3403,13108,1840004324
Central Valley,NY,New York,Orange,41.3318,-74.121,10917,1840033863
Liverpool,NY,New York,Onondaga,43.1061,-76.2093,13088 13089,1840004322
Oakdale,NY,New York,Suffolk,40.7373,-73.1345,11769,1840005063
Great Neck Plaza,NY,New York,Nassau,40.7869,-73.726,11021,1840005292
Verona,NY,New York,Oneida,43.1368,-75.5717,13478,1840026150
Greenwood Lake,NY,New York,Orange,41.2212,-74.2892,10925,1840004869
Loon Lake,NY,New York,Franklin,44.5517,-74.0568,12989,1840033910
Canisteo,NY,New York,Steuben,42.2703,-77.6056,14823,1840004560
Brushton,NY,New York,Franklin,44.8307,-74.5118,12916,1840004070
Pamelia Center,NY,New York,Jefferson,44.0409,-75.9016,13601,1840023984
Alden,NY,New York,Erie,42.8988,-78.4946,14004,1840004394
Hannawa Falls,NY,New York,St. Lawrence,44.6015,-74.9739,13676 13647,1840034019
Gates Center,NY,New York,Monroe,43.1534,-77.6908,14624,1840033888
Harrison Grove,NY,New York,Niagara,43.2806,-78.9662,14174,1840033895
Brightwaters,NY,New York,Suffolk,40.7193,-73.2642,11718,1840005145
Laurel,NY,New York,Suffolk,40.9728,-72.556,11952 11948,1840005087
Shirley,NY,New York,Suffolk,40.796,-72.8747,11967,1840005097
Atlanta,NY,New York,Steuben,42.5542,-77.4725,14808,1840033844
New Berlin,NY,New York,Chenango,42.624,-75.3353,13411,1840004509
Antwerp,NY,New York,Jefferson,44.1993,-75.6075,13608,1840004121
Port Kent,NY,New York,Essex,44.5281,-73.4071,12975,1840033938
The Glen,NY,New York,Warren,43.584,-73.8629,12885,1840034014
South Blooming Grove,NY,New York,Orange,41.3735,-74.179,10950,1840004877
Green Island,NY,New York,Albany,42.7474,-73.6925,12183,1840004490
East Glenville,NY,New York,Schenectady,42.8614,-73.9206,12008 12302,1840004444
Clifton Springs,NY,New York,Ontario,42.9608,-77.1355,14432,1840004416
Montrose,NY,New York,Westchester,41.2455,-73.9377,10548,1840024180
Poestenkill,NY,New York,Rensselaer,42.6941,-73.5545,12140,1840004433
Hancock,NY,New York,Delaware,41.9527,-75.2837,13783,1840004618
Mattydale,NY,New York,Onondaga,43.0992,-76.1388,13211,1840004317
Corwin,NY,New York,Niagara,43.2526,-78.6934,14108,1840033867
Minoa,NY,New York,Onondaga,43.0747,-76.0086,13116,1840004325
Canton,NY,New York,St. Lawrence,44.6,-75.1703,13617,1840004065
Peconic,NY,New York,Suffolk,41.0382,-72.4608,11958 11971,1840005065
Noyack,NY,New York,Suffolk,40.9827,-72.335,11963,1840005062
Richburg,NY,New York,Allegany,42.0887,-78.1565,14715 14774,1840004606
Plattsburgh,NY,New York,Clinton,44.6951,-73.4563,12901 12903,1840000296
Williamson,NY,New York,Wayne,43.2232,-77.1851,14589,1840026169
East Patchogue,NY,New York,Suffolk,40.7703,-72.9816,11772,1840005040
Highland Falls,NY,New York,Orange,41.3644,-73.9683,10928,1840004871
Hannibal,NY,New York,Oswego,43.3194,-76.5778,13074,1840004189
Wellsburg,NY,New York,Chemung,42.0127,-76.7298,14894,1840004691
Colonial Village,NY,New York,Niagara,43.1351,-78.9659,14304,1840033865
Garden City South,NY,New York,Nassau,40.7121,-73.6605,11530 11552,1840005258
Freeville,NY,New York,Tompkins,42.5114,-76.3457,13068,1840004542
Goshen,NY,New York,Orange,41.4017,-74.327,10924,1840004868
Margaretville,NY,New York,Delaware,42.1459,-74.6503,12455,1840004620
Old Forge,NY,New York,Herkimer,43.706,-74.9722,13420,1840026142
Keuka,NY,New York,Steuben,42.492,-77.1219,14840,1840033902
Fort Edward,NY,New York,Washington,43.2688,-73.5825,12828,1840004175
Hampton Manor,NY,New York,Rensselaer,42.6214,-73.7279,12144,1840034050
Groton,NY,New York,Tompkins,42.5875,-76.363,13073,1840004543
Sands Point,NY,New York,Nassau,40.8531,-73.7039,11050,1840005325
Cooperstown,NY,New York,Otsego,42.6996,-74.93,13326,1840004460
Livingston Manor,NY,New York,Sullivan,41.8935,-74.8265,12758,1840004786
Lakeview,NY,New York,Nassau,40.6775,-73.6493,11552 11570,1840005269
Napanoch,NY,New York,Ulster,41.7514,-74.3729,12489 12458,1840004707
Plandome,NY,New York,Nassau,40.8069,-73.6996,11030,1840005318
South Valley Stream,NY,New York,Nassau,40.6557,-73.7185,11581,1840034062
Brasher Falls,NY,New York,St. Lawrence,44.8096,-74.7789,13613,1840023928
Theresa,NY,New York,Jefferson,44.2155,-75.7968,13691,1840004117
Syracuse,NY,New York,Onondaga,43.0409,-76.1438,13210 13214 13290 13224 13207 13206 13205 13204 13203 13202 13208 13201 13217 13218 13220 13221 13225 13235 13244 13250 13251 13252 13261,1840000378
Plessis,NY,New York,Jefferson,44.2736,-75.8575,13675 13656 13691,1840023986
Windsor,NY,New York,Broome,42.0775,-75.6405,13865,1840004662
North Lynbrook,NY,New York,Nassau,40.6685,-73.6737,11563,1840034039
Port Jervis,NY,New York,Orange,41.3782,-74.6909,12771,1840000587
Dolgeville,NY,New York,Herkimer,43.1031,-74.7749,13329,1840004156
Corfu,NY,New York,Genesee,42.9611,-78.4026,14036,1840004369
Sodus Point,NY,New York,Wayne,43.2641,-76.9953,14555,1840004296
Hampton Bays,NY,New York,Suffolk,40.8692,-72.5227,11946,1840005076
Shoreham,NY,New York,Suffolk,40.957,-72.9072,11786,1840005136
Westmoreland,NY,New York,Oneida,43.115,-75.4027,13490,1840024029
Saint Bonaventure,NY,New York,Cattaraugus,42.0806,-78.475,14760 14778 14706,1840034060
Jewettville,NY,New York,Erie,42.7237,-78.6814,14170,1840033900
Paul Smiths,NY,New York,Franklin,44.4342,-74.2533,12970,1840026120
Duane Lake,NY,New York,Schenectady,42.7526,-74.1089,12056,1840004442
Schuyler Lake,NY,New York,Otsego,42.7804,-75.0279,13348,1840033955
Fishkill,NY,New York,Dutchess,41.5339,-73.8942,12524,1840004748
Downsville,NY,New York,Delaware,42.0819,-74.998,13755,1840025502
Blodgett Mills,NY,New York,Cortland,42.5665,-76.1329,13045 13738,1840025482
Marion,NY,New York,Wayne,43.1409,-77.1951,14505,1840026168
Cumminsville,NY,New York,Livingston,42.5706,-77.7189,14437,1840024067
Williston Park,NY,New York,Nassau,40.7588,-73.6465,11596,1840005333
Castleton-on-Hudson,NY,New York,Rensselaer,42.5332,-73.7492,12033,1840004440
Oceanside,NY,New York,Nassau,40.6328,-73.6363,11572,1840005246
Yorkshire,NY,New York,Cattaraugus,42.5242,-78.4781,14042 14173 14030,1840004588
Sherman,NY,New York,Chautauqua,42.159,-79.5944,14781,1840004570
Sunset Bay,NY,New York,Chautauqua,42.5608,-79.1307,14136 14081,1840026200
Hewlett Neck,NY,New York,Nassau,40.6247,-73.6981,11598,1840005296
New Hempstead,NY,New York,Rockland,41.1488,-74.0485,10977,1840033996
Salem,NY,New York,Washington,43.1727,-73.3267,12865,1840004179
Hamilton,NY,New York,Madison,42.8293,-75.5503,13346,1840004354
Eagle Valley,NY,New York,Orange,41.1548,-74.2268,10987,1840033872
Jones Point,NY,New York,Rockland,41.2862,-73.956,10986,1840033901
Copiague,NY,New York,Suffolk,40.6726,-73.393,11726 11757 11701,1840005031
Port Chester,NY,New York,Westchester,41.0052,-73.668,10573,1840004941
Stillwater,NY,New York,Saratoga,42.9467,-73.6441,12170,1840004252
Mountain Lodge Park,NY,New York,Orange,41.3862,-74.1389,10950,1840026299
South Corning,NY,New York,Steuben,42.1262,-77.0356,14830,1840004554
Balmville,NY,New York,Orange,41.5281,-74.0234,12550,1840004856
Houghton,NY,New York,Allegany,42.4277,-78.1615,14744,1840004604
Ransomville,NY,New York,Niagara,43.2389,-78.9114,14131,1840004268
Herrings,NY,New York,Jefferson,44.0226,-75.6578,13619,1840004113
North White Plains,NY,New York,Westchester,41.0551,-73.7668,10603,1840033927
Wading River,NY,New York,Suffolk,40.9464,-72.823,11933 11792,1840005107
Greene,NY,New York,Chenango,42.3297,-75.7694,13778,1840004508
Wurtsboro,NY,New York,Sullivan,41.5761,-74.4856,12790,1840004793
Honeoye,NY,New York,Ontario,42.7902,-77.5147,14471,1840026188
Springs,NY,New York,Suffolk,41.0212,-72.1584,11937,1840005102
Seneca Falls,NY,New York,Seneca,42.9101,-76.7967,13148,1840004420
Clinton,NY,New York,Oneida,43.0488,-75.3785,13323,1840004223
Evans Mills,NY,New York,Jefferson,44.087,-75.8078,13637,1840004111
Canandaigua,NY,New York,Ontario,42.8885,-77.2805,14424,1840000392
Bardonia,NY,New York,Rockland,41.1129,-73.9823,10994 10954,1840004958
Miller Place,NY,New York,Suffolk,40.9374,-72.9864,11764,1840005046
De Lancey,NY,New York,Delaware,42.2056,-74.9707,13752,1840033870
Speculator,NY,New York,Hamilton,43.5943,-74.3822,12108 12164,1840004146
Westvale,NY,New York,Onondaga,43.04,-76.2177,13219,1840004318
Lyons,NY,New York,Wayne,43.0634,-76.9927,14489,1840004290
Winthrop,NY,New York,St. Lawrence,44.8006,-74.8016,13613 13697,1840017087
Bellport,NY,New York,Suffolk,40.7546,-72.9424,11713,1840005144
Sylvan Beach,NY,New York,Oneida,43.2061,-75.7234,13157 13308,1840004213
Almond,NY,New York,Allegany,42.3193,-77.7386,14804 14843,1840004609
Andes,NY,New York,Delaware,42.1898,-74.784,13731,1840025499
Cherryplain,NY,New York,Rensselaer,42.6292,-73.3582,12022,1840034025
Tappan,NY,New York,Rockland,41.0269,-73.952,10964 10962 10983,1840004969
West Sayville,NY,New York,Suffolk,40.7294,-73.105,11769 11796,1840005112
Lockport,NY,New York,Niagara,43.1698,-78.6956,14094 14095,1840000370
Beach Ridge,NY,New York,Niagara,43.0848,-78.8231,14120,1840034012
Baldwin,NY,New York,Nassau,40.6635,-73.6104,11510,1840005228
Valhalla,NY,New York,Westchester,41.0775,-73.778,10595,1840033975
Wyandanch,NY,New York,Suffolk,40.7467,-73.3769,11798 11704,1840005115
Deposit,NY,New York,Broome,42.0634,-75.4224,13754,1840004663
Dexter,NY,New York,Jefferson,44.0112,-76.0425,13634,1840004129
Glasco,NY,New York,Ulster,42.0461,-73.9487,12432 12477,1840004714
Blasdell,NY,New York,Erie,42.7965,-78.8324,14219,1840004396
Niverville,NY,New York,Columbia,42.4484,-73.6496,12184 12130,1840004626
West Hampton Dunes,NY,New York,Suffolk,40.7776,-72.7137,11978,1840034029
North Bay Shore,NY,New York,Suffolk,40.7601,-73.2618,11706,1840005055
Saratoga Springs,NY,New York,Saratoga,43.0674,-73.7775,12866,1840000369
Lansing,NY,New York,Tompkins,42.4901,-76.4856,14850,1840004544
Lisle,NY,New York,Broome,42.3491,-76.0055,13797,1840004659
Rome,NY,New York,Oneida,43.2259,-75.491,13441 13440 13308 13442 13449,1840000349
Fleischmanns,NY,New York,Delaware,42.1552,-74.5335,12406 12430,1840004616
Clover Bank,NY,New York,Erie,42.7473,-78.8898,14075,1840033864
Glenwood Landing,NY,New York,Nassau,40.8295,-73.6379,11547 11545,1840005260
Penn Yan,NY,New York,Yates,42.661,-77.0536,14527,1840004503
North Patchogue,NY,New York,Suffolk,40.7833,-73.0234,11772,1840005059
Manorville,NY,New York,Suffolk,40.8575,-72.7915,11949,1840005088
Mechanicville,NY,New York,Saratoga,42.9037,-73.6894,12118,1840000368
Shelter Island,NY,New York,Suffolk,41.0585,-72.3143,11964,1840005094
Northville,NY,New York,Fulton,43.2239,-74.1702,12134,1840004310
Lyndonville,NY,New York,Orleans,43.3213,-78.3891,14098,1840004263
Cumberland Head,NY,New York,Clinton,44.7171,-73.397,12901,1840034045
Fire Island,NY,New York,Suffolk,40.6782,-73.0708,11951 11770 11772 11706 11702 11782,1840005010
Shinnecock Hills,NY,New York,Suffolk,40.8878,-72.4555,11968,1840005096
Croton Heights,NY,New York,Westchester,41.2468,-73.7835,10598,1840033868
Farmingville,NY,New York,Suffolk,40.8389,-73.0401,11738,1840005009
Pine Plains,NY,New York,Dutchess,41.978,-73.6601,12567,1840004743
Burt,NY,New York,Niagara,43.3164,-78.7139,14028,1840033858
Bergholtz,NY,New York,Niagara,43.1031,-78.9067,14304,1840033850
Great Neck Estates,NY,New York,Nassau,40.7858,-73.7396,11021,1840005291
Locust Valley,NY,New York,Nassau,40.8782,-73.5884,11560,1840005272
Asharoken,NY,New York,Suffolk,40.938,-73.3815,11768,1840005141
Yaphank,NY,New York,Suffolk,40.8323,-72.9233,11980,1840005116
Cheektowaga,NY,New York,Erie,42.9082,-78.7496,14206 14043 14225 14227 14211 14215,1840004375
Valley Falls,NY,New York,Rensselaer,42.9006,-73.5627,12185,1840004439
Dover Plains,NY,New York,Dutchess,41.7396,-73.5735,12522,1840004741
Vernon,NY,New York,Oneida,43.0794,-75.5387,13476,1840004214
Poquott,NY,New York,Suffolk,40.9529,-73.0903,11733,1840005130
Corning,NY,New York,Steuben,42.147,-77.0561,14830 14831,1840000443
Bedford Center,NY,New York,Westchester,41.2201,-73.6582,10507,1840033848
Akron,NY,New York,Erie,43.0179,-78.4978,14001,1840004393
Cobleskill,NY,New York,Schoharie,42.6787,-74.486,12043,1840004488
Copake Lake,NY,New York,Columbia,42.1416,-73.5903,12521 12529 12516,1840004625
Commack,NY,New York,Suffolk,40.8443,-73.2834,11725 11731,1840005030
Avoca,NY,New York,Steuben,42.4096,-77.4222,14809,1840004558
Chadwicks,NY,New York,Oneida,43.0291,-75.271,13319 13413,1840024027
Brighton,NY,New York,Monroe,43.1175,-77.5835,14625 14620 14623 14618 14610,1840004277
Latham,NY,New York,Albany,42.747,-73.759,12110,1840033905
Cove Neck,NY,New York,Nassau,40.884,-73.5002,11771,1840005341
East Randolph,NY,New York,Cattaraugus,42.1692,-78.9521,14772 14730,1840004600
Wappingers Falls,NY,New York,Dutchess,41.5986,-73.9178,12590,1840004755
Baxter Estates,NY,New York,Nassau,40.8338,-73.6949,11050,1840033846
Clayville,NY,New York,Oneida,42.9747,-75.249,13322 13456,1840004222
Colonie,NY,New York,Albany,42.7199,-73.8333,12205,1840004495
Ellenburg Depot,NY,New York,Clinton,44.9059,-73.801,12935,1840033882
Pultneyville,NY,New York,Wayne,43.2734,-77.1824,14589,1840026166
Westhampton,NY,New York,Suffolk,40.8326,-72.6616,11977 11978,1840005113
Flanders,NY,New York,Suffolk,40.8925,-72.6049,11901,1840005012
Airmont,NY,New York,Rockland,41.0994,-74.0989,10901 10952 10982,1840004991
Brewerton,NY,New York,Onondaga,43.2344,-76.1411,13029 13036,1840004312
North Syracuse,NY,New York,Onondaga,43.1339,-76.1306,13212,1840004326
Lyncourt,NY,New York,Onondaga,43.0821,-76.1264,13206 13208,1840034054
Ellenville,NY,New York,Ulster,41.7009,-74.3609,12420 12428,1840004733
Averill Park,NY,New York,Rensselaer,42.6361,-73.553,12018,1840004431
Albion,NY,New York,Orleans,43.246,-78.1902,14411,1840004265
Burdett,NY,New York,Schuyler,42.4169,-76.8441,14818,1840004586
Fredonia,NY,New York,Chautauqua,42.4407,-79.3319,14063,1840004566
Cranberry Lake,NY,New York,St. Lawrence,44.2063,-74.8426,12927,1840025337
Warrens Corners,NY,New York,Niagara,43.2162,-78.7548,14094,1840033981
West Seneca,NY,New York,Erie,42.8375,-78.7508,14224,1840004383
Pine Valley,NY,New York,Chemung,42.2273,-76.8469,14864 14845 14872,1840026215
Bath,NY,New York,Steuben,42.3363,-77.3179,14810,1840004559
Pelham Manor,NY,New York,Westchester,40.893,-73.8057,10803,1840004939
Cattaraugus,NY,New York,Cattaraugus,42.33,-78.8671,14719,1840004598
Victory Mills,NY,New York,Saratoga,43.0879,-73.594,12884,1840034026
Madrid,NY,New York,St. Lawrence,44.7483,-75.1299,13660,1840025339
South Lima,NY,New York,Livingston,42.8575,-77.676,14485 14487,1840024082
North Evans,NY,New York,Erie,42.697,-78.9414,14047,1840033925
Piffard,NY,New York,Livingston,42.8319,-77.8584,14533,1840024079
East Massapequa,NY,New York,Nassau,40.6746,-73.4358,11762 11758,1840034047
Oyster Bay,NY,New York,Nassau,40.8663,-73.5323,11771 11732,1840005248
Putnam Lake,NY,New York,Putnam,41.4747,-73.5483,12563 10509,1840004889
Homer,NY,New York,Cortland,42.6371,-76.1849,13077 13045,1840004497
Oxford,NY,New York,Chenango,42.4412,-75.596,13830,1840004510
Mount Ivy,NY,New York,Rockland,41.1926,-74.0297,10923 10970,1840004962
Viola,NY,New York,Rockland,41.1289,-74.0851,10901 10952,1840004972
Centereach,NY,New York,Suffolk,40.8696,-73.0808,11720,1840005026
Chestertown,NY,New York,Warren,43.6461,-73.7946,12817,1840025430
Forestville,NY,New York,Chautauqua,42.4684,-79.1756,14062,1840004565
Salisbury,NY,New York,Nassau,40.7454,-73.5605,11590,1840005255
Swormville,NY,New York,Erie,43.0384,-78.6973,14051,1840033968
Newfane,NY,New York,Niagara,43.2857,-78.694,14108 14028,1840004266
Cato,NY,New York,Cayuga,43.168,-76.5728,13033,1840004245
Lake Katrine,NY,New York,Ulster,41.9863,-73.9895,12449,1840004719
Sanborn,NY,New York,Niagara,43.1451,-78.8777,14132,1840026162
Savona,NY,New York,Steuben,42.283,-77.2238,14879,1840004553
Utica,NY,New York,Oneida,43.0961,-75.226,13501 13502 13503 13504 13505 13599,1840002746
Nassau Shores,NY,New York,Nassau,40.662,-73.4401,11758,1840033921
Fair Haven,NY,New York,Cayuga,43.3263,-76.7044,13156 13064,1840004238
Chaumont,NY,New York,Jefferson,44.0675,-76.1301,13622,1840004126
Arden,NY,New York,Orange,41.2745,-74.1529,10975,1840034003
Ticonderoga,NY,New York,Essex,43.8406,-73.424,12883,1840004087
Holland,NY,New York,Erie,42.6375,-78.5517,14080,1840004379
Mooers,NY,New York,Clinton,44.9638,-73.5878,12958,1840004037
Dresden,NY,New York,Yates,42.6835,-76.9573,14527 14441,1840004505
Lakewood,NY,New York,Chautauqua,42.0991,-79.32,14750,1840004567
Thousand Island Park,NY,New York,Jefferson,44.2887,-76.026,13692,1840023988
North Sea,NY,New York,Suffolk,40.933,-72.4047,11968,1840005060
Websters Crossing,NY,New York,Livingston,42.6661,-77.6373,14560,1840024085
Russell Gardens,NY,New York,Nassau,40.7809,-73.7254,11021,1840005324
Eldred,NY,New York,Sullivan,41.527,-74.8841,12732,1840033881
Interlaken,NY,New York,Seneca,42.6189,-76.7251,14847,1840004417
Lake Grove,NY,New York,Suffolk,40.8586,-73.1168,11755,1840005121
Center Moriches,NY,New York,Suffolk,40.8015,-72.796,11934 11955,1840005025
Clayton,NY,New York,Jefferson,44.237,-76.0826,13624,1840004127
Hopewell Junction,NY,New York,Dutchess,41.5787,-73.8078,12533,1840004746
Jordan,NY,New York,Onondaga,43.0671,-76.4728,13080,1840004321
Nanuet,NY,New York,Rockland,41.0957,-74.0156,10954,1840004963
Hoosick Falls,NY,New York,Rensselaer,42.9009,-73.35,12090,1840004436
Cutchogue,NY,New York,Suffolk,41.0167,-72.4872,11935,1840005033
Glenville,NY,New York,Westchester,41.0657,-73.8407,10591,1840033891
Sound Beach,NY,New York,Suffolk,40.9578,-72.9726,11789,1840005099
Lakeland,NY,New York,Onondaga,43.0909,-76.2426,13209,1840004316
South Salem,NY,New York,Westchester,41.2723,-73.5529,10590,1840033962
Brookville,NY,New York,Nassau,40.8123,-73.5696,11545 11548,1840005338
Star Lake,NY,New York,St. Lawrence,44.1613,-75.0363,13690,1840004053
Leonardsville,NY,New York,Madison,42.8087,-75.2527,13364,1840033906
Laurens,NY,New York,Otsego,42.5313,-75.0888,13796,1840004453
North Hills,NY,New York,Nassau,40.7765,-73.6778,11030 11576,1840005314
Canaseraga,NY,New York,Allegany,42.4618,-77.7773,14822,1840004614
Jefferson Valley,NY,New York,Westchester,41.3381,-73.7907,10535,1840033899
West Glens Falls,NY,New York,Warren,43.3019,-73.6873,12804,1840004184
Nelsonville,NY,New York,Putnam,41.4291,-73.9466,10516,1840004892
Cazenovia,NY,New York,Madison,42.9281,-75.8511,13035,1840004360
Fort Ann,NY,New York,Washington,43.4146,-73.4907,12827,1840004174
Oriskany Falls,NY,New York,Oneida,42.938,-75.4636,13425,1840004210
Woodsville,NY,New York,Livingston,42.579,-77.7338,14437,1840024086
Mount Morris,NY,New York,Livingston,42.7237,-77.8753,14510,1840004426
Bayport,NY,New York,Suffolk,40.746,-73.0546,11705,1840005018
Nunda,NY,New York,Livingston,42.58,-77.9379,14517,1840004427
North Boston,NY,New York,Erie,42.6773,-78.7797,14075 14110,1840004377
Oneida,NY,New York,Madison,43.0769,-75.6621,13421,1840000384
Sinclairville,NY,New York,Chautauqua,42.2653,-79.2591,14782,1840004572
Le Roy,NY,New York,Genesee,42.978,-77.9899,14482,1840004365
Hawthorne,NY,New York,Westchester,41.1035,-73.7968,10532,1840004922
Orchard Park,NY,New York,Erie,42.7627,-78.7438,14127,1840004389
Suffern,NY,New York,Rockland,41.1138,-74.1421,10901,1840004987
Phelps,NY,New York,Ontario,42.9581,-77.062,14532 14518,1840004412
Arkport,NY,New York,Steuben,42.3926,-77.6954,14807,1840004557
Mexico,NY,New York,Oswego,43.4652,-76.2326,13114,1840004191
Toddville,NY,New York,Westchester,41.2937,-73.8885,10567,1840033971
Pittsford,NY,New York,Monroe,43.0901,-77.5167,14534,1840004283
East Syracuse,NY,New York,Onondaga,43.0637,-76.0697,13057,1840004332
Raymondville,NY,New York,St. Lawrence,44.8381,-74.978,13678,1840034023
Otego,NY,New York,Otsego,42.3928,-75.1801,13825,1840004456
Port Washington North,NY,New York,Nassau,40.8433,-73.7014,11050,1840005319
Schoharie,NY,New York,Schoharie,42.6664,-74.3137,12157,1840004486
Head of the Harbor,NY,New York,Suffolk,40.8981,-73.1624,11790 11780,1840005118
Munnsville,NY,New York,Madison,42.9765,-75.5866,13409,1840004357
Saint James,NY,New York,Suffolk,40.8761,-73.1521,11780,1840005103
Shrub Oak,NY,New York,Westchester,41.3255,-73.8295,10547 10588,1840004927
Crown Heights,NY,New York,Dutchess,41.6416,-73.9287,12601,1840034044
Greece,NY,New York,Monroe,43.2095,-77.7027,14626,1840004278
New Rochelle,NY,New York,Westchester,40.9305,-73.7836,10804 10801 10805 10802,1840000782
Newport,NY,New York,Herkimer,43.1859,-75.0151,13416,1840004152
Broadalbin,NY,New York,Fulton,43.056,-74.1964,12010 12025,1840004311
Old Brookville,NY,New York,Nassau,40.8332,-73.6039,11545 11548,1840005315
Marathon,NY,New York,Cortland,42.4439,-76.035,13803,1840004498
Sag Harbor,NY,New York,Suffolk,40.997,-72.2892,11963,1840005133
Cragsmoor,NY,New York,Ulster,41.6655,-74.3912,12566 12420,1840004704
Byersville,NY,New York,Livingston,42.5839,-77.7915,14517,1840024065
Stony Point,NY,New York,Rockland,41.2294,-73.9966,10980,1840004968
Nashville,NY,New York,Niagara,43.0773,-78.8659,14120,1840033920
Arlington,NY,New York,Dutchess,41.6958,-73.8989,12603,1840004739
Levittown,NY,New York,Nassau,40.7241,-73.5125,11714 11756 11783,1840005270
Old Westbury,NY,New York,Nassau,40.7866,-73.5975,11548 11568,1840005316
Salisbury Mills,NY,New York,Orange,41.4308,-74.1098,12577,1840024141
Montgomery,NY,New York,Orange,41.5216,-74.2388,12549,1840004875
Newark,NY,New York,Wayne,43.0418,-77.093,14513,1840004292
Afton,NY,New York,Chenango,42.2291,-75.5247,13730,1840004513
Lodi,NY,New York,Seneca,42.6135,-76.8226,14860,1840004418
Sparkill,NY,New York,Rockland,41.0289,-73.9333,10983 10976,1840026341
Pine Hill,NY,New York,Ulster,42.1307,-74.4667,12465 12410,1840004709
Warwick,NY,New York,Orange,41.2551,-74.355,10990 10912,1840004881
Chestnut Ridge,NY,New York,Rockland,41.083,-74.0552,10952 10977,1840004992
Inwood,NY,New York,Nassau,40.6218,-73.7507,11559 11096,1840005267
Waterloo,NY,New York,Seneca,42.9048,-76.8592,13165,1840004421
Addison,NY,New York,Steuben,42.1063,-77.232,14801,1840004556
Accord,NY,New York,Ulster,41.7972,-74.2319,12404,1840004702
Candor,NY,New York,Tioga,42.2284,-76.3366,13743,1840004671
Slaterville Springs,NY,New York,Tompkins,42.3956,-76.3505,14881,1840034007
Dobbs Ferry,NY,New York,Westchester,41.0127,-73.8698,10522,1840004952
Delhi,NY,New York,Delaware,42.2786,-74.915,13753,1840004624
Monticello,NY,New York,Sullivan,41.6519,-74.6874,12701,1840004791
East Branch,NY,New York,Delaware,41.9884,-75.1338,13756,1840033873
Croghan,NY,New York,Lewis,43.8947,-75.3914,13327,1840004141
Ossining,NY,New York,Westchester,41.1609,-73.8712,10562,1840004937
North Creek,NY,New York,Warren,43.6935,-73.9844,12853,1840026145
Woodmere,NY,New York,Nassau,40.6374,-73.7219,11581 11598 11516,1840005284
Medford,NY,New York,Suffolk,40.822,-72.9859,11763,1840005043
Newark Valley,NY,New York,Tioga,42.2229,-76.1867,13811,1840004666
Hamburg,NY,New York,Erie,42.7233,-78.8348,14075 14010,1840004385
North Rose,NY,New York,Wayne,43.1872,-76.8864,14516,1840026167
Avon,NY,New York,Livingston,42.9129,-77.7464,14414,1840004428
Hillside Manor,NY,New York,Nassau,40.7504,-73.6729,11040,1840033995
Lake Mohegan,NY,New York,Westchester,41.3165,-73.8475,10547,1840004923
Cohocton,NY,New York,Steuben,42.4999,-77.4999,14826,1840004561
Morrisonville,NY,New York,Clinton,44.6922,-73.5505,12962,1840004038
Brier Hill,NY,New York,St. Lawrence,44.5314,-75.6627,13614,1840034017
Glen Head,NY,New York,Nassau,40.845,-73.618,11545,1840005259
New York Mills,NY,New York,Oneida,43.1007,-75.2932,13417,1840004207
Great Bend,NY,New York,Jefferson,44.0197,-75.7077,13643 13619,1840004109
Colton,NY,New York,St. Lawrence,44.5593,-74.9433,13625,1840025336
South Dayton,NY,New York,Cattaraugus,42.3628,-79.051,14138,1840004596
Twin Lakes Village,NY,New York,Westchester,41.2993,-73.5698,10590,1840033974
Billington Heights,NY,New York,Erie,42.7862,-78.6237,14052,1840004374
Pine Bush,NY,New York,Orange,41.6094,-74.2966,12566,1840004860
Middletown,NY,New York,Orange,41.4458,-74.4228,10940,1840000585
Lindenhurst,NY,New York,Suffolk,40.6858,-73.371,11757,1840005122
Holcomb,NY,New York,Ontario,42.8991,-77.4244,14469 14443,1840034027
Geneseo,NY,New York,Livingston,42.799,-77.8095,14454,1840004422
Little Valley,NY,New York,Cattaraugus,42.2494,-78.7988,14755,1840004592
Philmont,NY,New York,Columbia,42.2477,-73.6463,12565,1840004631
Port Dickinson,NY,New York,Broome,42.1363,-75.8936,13901,1840004660
Victor,NY,New York,Ontario,42.982,-77.4097,14564,1840004414
Brookhaven,NY,New York,Suffolk,40.7793,-72.9107,11719,1840005023
Lynbrook,NY,New York,Nassau,40.6579,-73.6742,11563,1840005304
Maybrook,NY,New York,Orange,41.4881,-74.2131,12543,1840004873
Schenectady,NY,New York,Schenectady,42.8025,-73.9276,12305 12304 12307 12308 12301 12325 12345,1840000395
Mastic,NY,New York,Suffolk,40.8095,-72.8478,11950,1840005090
Port Ewen,NY,New York,Ulster,41.9048,-73.9776,12466 12417 12487,1840004711
Phoenicia,NY,New York,Ulster,42.079,-74.309,12464,1840004708
New Woodstock,NY,New York,Madison,42.8484,-75.8544,13122,1840033923
Cairo,NY,New York,Greene,42.3053,-74.0101,12413,1840004641
Argyle,NY,New York,Washington,43.2363,-73.4907,12809,1840004181
Buffalo,NY,New York,Erie,42.9016,-78.8487,14208 14209 14202 14203 14201 14206 14207 14204 14220 14222 14218 14211 14210 14213 14212 14215 14214 14216 14205 14231 14233 14240 14241 14260 14263 14264 14265 14267 14269 14270 14272 14273 14276 14280,1840000386
Newburgh,NY,New York,Orange,41.5037,-74.0205,12550 12551 12552,1840000586
Rushford,NY,New York,Allegany,42.389,-78.2523,14777,1840025497
Weston Mills,NY,New York,Cattaraugus,42.0752,-78.3727,14760 14788,1840004587
West Bay Shore,NY,New York,Suffolk,40.7079,-73.2719,11706,1840005110
Hartwick,NY,New York,Otsego,42.6586,-75.0611,13348,1840025468
Vails Gate,NY,New York,Orange,41.4588,-74.0534,12553 12584,1840004863
Walden,NY,New York,Orange,41.5603,-74.1879,12586,1840004880
Roslyn,NY,New York,Nassau,40.7991,-73.6491,11576,1840005321
Deer Park,NY,New York,Suffolk,40.7623,-73.3219,11729,1840005034
Witherbee,NY,New York,Essex,44.0837,-73.5371,12998,1840023958
Tarrytown,NY,New York,Westchester,41.0647,-73.8673,10591,1840004945
Hagaman,NY,New York,Montgomery,42.9728,-74.1545,12010 12086,1840004404
Flower Hill,NY,New York,Nassau,40.8075,-73.6755,11030 11576 11050,1840005287
Schuylerville,NY,New York,Saratoga,43.1015,-73.5808,12871,1840004250
Albertson,NY,New York,Nassau,40.7715,-73.6482,11507 11577,1840005227
Fabius,NY,New York,Onondaga,42.8347,-75.9847,13063,1840004319
Branchport,NY,New York,Yates,42.5987,-77.1539,14418,1840033855
Frankfort,NY,New York,Herkimer,43.0384,-75.0724,13340,1840004147
Fishers Island,NY,New York,Suffolk,41.2702,-71.9879,6390,1840005011
Armor,NY,New York,Erie,42.7406,-78.7989,14075,1840033842
Long Lake,NY,New York,Hamilton,43.9555,-74.4466,12847,1840025398
Schroon Lake,NY,New York,Essex,43.8345,-73.7647,12870,1840026123
Woodbourne,NY,New York,Sullivan,41.7598,-74.594,12788,1840033993
Liberty,NY,New York,Sullivan,41.7964,-74.7433,12754,1840004790
Beaver Dam Lake,NY,New York,Orange,41.4441,-74.1178,12553 12577,1840034067
Hyde Park,NY,New York,Dutchess,41.7829,-73.9364,12538,1840024104
Queens,NY,New York,Queens,40.7498,-73.7976,11361 11362 11363 11364 11354 11355 11356 11357 11358 11359 11360 11365 11366 11367 11412 11423 11432 11433 11434 11435 11436 11101 11102 11103 11104 11105 11106 11374 11375 11379 11385 11691 11692 11693 11694 11695 11697 11004 11005 11411 11413 11422 11426 11427 11428 11429 11414 11415 11416 11417 11418 11419 11420 11421 11368 11369 11370 11372 11373 11377 11378,1840034002
Wesley Hills,NY,New York,Rockland,41.1579,-74.0768,10901 10952 10977,1840004989
Petersburg,NY,New York,Rensselaer,42.7495,-73.3401,12138,1840033931
Huntington Station,NY,New York,Suffolk,40.8446,-73.405,11746,1840005081
Granville,NY,New York,Washington,43.4081,-73.2617,12832,1840004176
Harbor Isle,NY,New York,Nassau,40.6019,-73.6647,11558,1840005263
Plainedge,NY,New York,Nassau,40.724,-73.477,11714 11735,1840005249
Scarborough,NY,New York,Westchester,41.1359,-73.8585,10510,1840033954
Wanakah,NY,New York,Erie,42.7434,-78.9028,14075 14085,1840024063
Palenville,NY,New York,Greene,42.1773,-74.0229,12463,1840004642
Carlisle Gardens,NY,New York,Niagara,43.1792,-78.6559,14094,1840033860
Katonah,NY,New York,Westchester,41.2559,-73.6856,10536,1840024179
East Quogue,NY,New York,Suffolk,40.8489,-72.5783,11942,1840005041
Setauket,NY,New York,Suffolk,40.9351,-73.1184,11733,1840033989
Bedford Hills,NY,New York,Westchester,41.2362,-73.696,10507,1840024178
Castile,NY,New York,Wyoming,42.6312,-78.0525,14427,1840004475
Plandome Manor,NY,New York,Nassau,40.8146,-73.6979,11030,1840033935
Thiells,NY,New York,Rockland,41.2067,-74.0122,10984 10923,1840004970
Carle Place,NY,New York,Nassau,40.75,-73.6122,11514,1840005234
Glens Falls,NY,New York,Warren,43.3109,-73.6459,12801 12820,1840000345
Middle Island,NY,New York,Suffolk,40.8857,-72.9454,11953,1840005045
New Milford,NY,New York,Orange,41.2345,-74.4138,10990,1840033922
Manchester,NY,New York,Ontario,42.9684,-77.2312,14504 14548,1840004410
Chatham,NY,New York,Columbia,42.3621,-73.5976,12037,1840004633
Plandome Heights,NY,New York,Nassau,40.8021,-73.7049,11030,1840033934
Harbor Hills,NY,New York,Nassau,40.7881,-73.7492,11023,1840005262
Alpine,NY,New York,Schuyler,42.3131,-76.7241,14805,1840033837
Freeport,NY,New York,Nassau,40.6515,-73.585,11520,1840005288
Riverhead,NY,New York,Suffolk,40.9465,-72.6743,11901,1840005069
Saugerties,NY,New York,Ulster,42.075,-73.9484,12477,1840004732
Edenville,NY,New York,Orange,41.2759,-74.411,10990,1840033879
Tillson,NY,New York,Ulster,41.8316,-74.0696,12486,1840004725
Thornwood,NY,New York,Westchester,41.1187,-73.7796,10594,1840004928
Tupper Lake,NY,New York,Franklin,44.2326,-74.4621,12986,1840004069
Hartsdale,NY,New York,Westchester,41.0153,-73.8036,10583 10530,1840004921
Cold Spring,NY,New York,Putnam,41.4191,-73.9545,10516,1840004894
Hastings-on-Hudson,NY,New York,Westchester,40.9902,-73.8801,10706,1840004932
Baiting Hollow,NY,New York,Suffolk,40.9645,-72.7402,11933,1840005016
Rhinecliff,NY,New York,Dutchess,41.9223,-73.9441,12572 12574,1840024105
South Farmingdale,NY,New York,Nassau,40.7175,-73.4471,11758 11735,1840005276
Mastic Beach,NY,New York,Suffolk,40.7667,-72.842,11951,1840005089
Horseheads,NY,New York,Chemung,42.1689,-76.8299,14845,1840004688
Lloyd Harbor,NY,New York,Suffolk,40.9138,-73.4616,11743 11724,1840005123
Poland,NY,New York,Herkimer,43.226,-75.0612,13431,1840004153
Pelham,NY,New York,Westchester,40.9116,-73.8075,10803,1840004938
Moravia,NY,New York,Cayuga,42.7119,-76.422,13118,1840004240
Islandia,NY,New York,Suffolk,40.8068,-73.1711,11749,1840005120
Sterling Forest,NY,New York,Orange,41.1826,-74.3188,10979,1840033967
Malone,NY,New York,Franklin,44.849,-74.2889,12953,1840004067
Atlantic Beach,NY,New York,Nassau,40.5894,-73.7296,11509,1840005335
Angola,NY,New York,Erie,42.6379,-79.0295,14006,1840004395
Red Hook,NY,New York,Dutchess,41.9962,-73.8768,12571,1840004752
Cohoes,NY,New York,Albany,42.7732,-73.7077,12047,1840000418
North Wantagh,NY,New York,Nassau,40.6983,-73.5086,11793 11783,1840005245
Red Mills,NY,New York,Columbia,42.2209,-73.7118,12513,1840033942
Manhasset Hills,NY,New York,Nassau,40.7592,-73.681,11040,1840034055
Batavia,NY,New York,Genesee,42.9987,-78.1802,14020 14021,1840000385
Southold,NY,New York,Suffolk,41.0601,-72.4261,11971,1840005101
Erin,NY,New York,Chemung,42.1844,-76.6712,14838,1840026216
Pleasantville,NY,New York,Westchester,41.1378,-73.7827,10570,1840004940
Tuscarora,NY,New York,Livingston,42.6343,-77.8694,14510,1840024083
Terryville,NY,New York,Suffolk,40.909,-73.0492,11776,1840005105
White Plains,NY,New York,Westchester,41.022,-73.7548,10601 10606 10604 10605 10603 10602 10610,1840003477
Middleport,NY,New York,Niagara,43.2117,-78.4757,14105,1840004273
Port Henry,NY,New York,Essex,44.0465,-73.46,12974,1840004090
Huntington,NY,New York,Suffolk,40.8781,-73.4076,11743,1840005080
Elbridge,NY,New York,Onondaga,43.0366,-76.4433,13060,1840004333
Hauppauge,NY,New York,Suffolk,40.8217,-73.2119,11787 11788 11760,1840005077
Holley,NY,New York,Orleans,43.2247,-78.0292,14470,1840004262
Wadsworth,NY,New York,Livingston,42.8214,-77.8939,14533,1840024084
Verplanck,NY,New York,Westchester,41.2558,-73.9585,10596,1840004929
Pine Aire,NY,New York,Suffolk,40.7707,-73.274,11706,1840033932
Ontario,NY,New York,Wayne,43.2176,-77.2794,14519,1840026170
Belfast,NY,New York,Allegany,42.3398,-78.1184,14711,1840025496
Port Gibson,NY,New York,Ontario,43.0334,-77.1576,14537 14432,1840025456
Bronxville,NY,New York,Westchester,40.9394,-73.8263,10708,1840004949
Lattingtown,NY,New York,Nassau,40.8921,-73.5966,11560,1840005301
West Winfield,NY,New York,Herkimer,42.8838,-75.1914,13491,1840004154
Schenevus,NY,New York,Otsego,42.5497,-74.827,12155,1840004451
Sherrill,NY,New York,Oneida,43.0704,-75.5992,13461,1840000350
Massapequa Park,NY,New York,Nassau,40.6816,-73.4496,11762,1840005307
Walton,NY,New York,Delaware,42.1688,-75.1304,13856,1840004623
Bayville,NY,New York,Nassau,40.9077,-73.5603,11709,1840005336
East Atlantic Beach,NY,New York,Nassau,40.5876,-73.7092,11561 11509,1840034033
Bliss,NY,New York,Wyoming,42.5801,-78.2538,14024,1840025470
Grandyle Village,NY,New York,Erie,42.9866,-78.9524,14072,1840024062
Waterford,NY,New York,Saratoga,42.7917,-73.6789,12188,1840004253
Chenango Bridge,NY,New York,Broome,42.1716,-75.8586,13901 13745,1840025505
Watertown,NY,New York,Jefferson,43.9734,-75.9094,13601,1840002200
East Setauket,NY,New York,Suffolk,40.9415,-73.1059,11733,1840033876
Caroga Lake,NY,New York,Fulton,43.1353,-74.481,12032 12078,1840026173
Loudonville,NY,New York,Albany,42.7048,-73.7548,12211,1840033911
Painted Post,NY,New York,Steuben,42.1634,-77.0925,14870,1840004551
Salamanca,NY,New York,Cattaraugus,42.1631,-78.7233,14779,1840000453
Mount Kisco,NY,New York,Westchester,41.2018,-73.7282,10549,1840004936
Jamesport,NY,New York,Suffolk,40.9546,-72.5807,11947 11901 11970 11948,1840005084
Remsenburg,NY,New York,Suffolk,40.8076,-72.7087,11960,1840033943
South Hempstead,NY,New York,Nassau,40.6814,-73.6233,11550 11570,1840005277
Churchville,NY,New York,Monroe,43.1036,-77.8824,14428,1840004288
Altmar,NY,New York,Oswego,43.511,-76.0037,13302,1840004196
Medina,NY,New York,Orleans,43.2197,-78.3888,14103,1840004264
Jeffersonville,NY,New York,Sullivan,41.7799,-74.9298,12748,1840004789
Walton Park,NY,New York,Orange,41.3118,-74.2249,10950,1840004864
Ladentown,NY,New York,Rockland,41.1859,-74.0674,10970,1840033903
Elmsford,NY,New York,Westchester,41.0541,-73.8143,10523,1840004953
West End,NY,New York,Otsego,42.4667,-75.0969,13820,1840034066
Celoron,NY,New York,Chautauqua,42.1053,-79.2777,14720 14701,1840004577
McGraw,NY,New York,Cortland,42.5938,-76.0975,13101,1840004499
New City,NY,New York,Rockland,41.1543,-73.9909,10956 10954 10920,1840004964
DeRuyter,NY,New York,Madison,42.7587,-75.8867,13052,1840004362
Alexander,NY,New York,Genesee,42.902,-78.259,14005,1840004367
Pike,NY,New York,Wyoming,42.5569,-78.1495,14066 14130 14024,1840025471
Orangeburg,NY,New York,Rockland,41.0488,-73.9407,10962 10976,1840004965
Clarence Center,NY,New York,Erie,43.0085,-78.6308,14032,1840004376
Olcott,NY,New York,Niagara,43.3301,-78.7104,14028 14126,1840004267
Esperance,NY,New York,Schoharie,42.7651,-74.2589,12066,1840004483
Haviland,NY,New York,Dutchess,41.768,-73.9007,12601 12538,1840034051
Rye Brook,NY,New York,Westchester,41.0303,-73.6865,10604 10573,1840004942
University Gardens,NY,New York,Nassau,40.7752,-73.728,11021 11020,1840005280
Little Falls,NY,New York,Herkimer,43.0452,-74.8566,13365,1840000333
Allegany,NY,New York,Cattaraugus,42.0917,-78.4927,14706,1840004597
Roosevelt,NY,New York,Nassau,40.6797,-73.5837,11575,1840005253
Coxsackie,NY,New York,Greene,42.3561,-73.808,12051,1840004651
Calcium,NY,New York,Jefferson,44.0403,-75.8469,13637 13616,1840004105
Heuvelton,NY,New York,St. Lawrence,44.617,-75.4046,13654,1840004057
Sodus,NY,New York,Wayne,43.2371,-77.0628,14551,1840004295
Waccabuc,NY,New York,Westchester,41.2907,-73.5954,10597,1840033980
Westmere,NY,New York,Albany,42.6883,-73.8744,12203,1840004489
North Bellport,NY,New York,Suffolk,40.7868,-72.9457,11713 11772,1840005056
Washington Heights,NY,New York,Orange,41.4692,-74.4179,10940,1840004865
Central Islip,NY,New York,Suffolk,40.7837,-73.1945,11722,1840005028
Westbury,NY,New York,Nassau,40.7599,-73.5891,11590,1840005332
Freedom Plains,NY,New York,Dutchess,41.6695,-73.7974,12569 12540,1840024103
Northport,NY,New York,Suffolk,40.9036,-73.3446,11768,1840005126
Pavilion,NY,New York,Genesee,42.8793,-78.0221,14525,1840025453
East Moriches,NY,New York,Suffolk,40.8097,-72.7581,11940,1840005038
Kysorville,NY,New York,Livingston,42.6528,-77.7949,14437,1840024075
Watchtower,NY,New York,Ulster,41.6371,-74.2633,12589,1840026219
Lacona,NY,New York,Oswego,43.6434,-76.0666,13083,1840004190
Catskill,NY,New York,Greene,42.2145,-73.8656,12414,1840004650
Quogue,NY,New York,Suffolk,40.8215,-72.5987,11959,1840005132
Auburn,NY,New York,Cayuga,42.9338,-76.5684,13021 13024 13022,1840000367
Hillside,NY,New York,Ulster,41.9177,-74.0336,12401,1840034036
Upper Brookville,NY,New York,Nassau,40.8476,-73.5626,11545 11771,1840005330
Lake Erie Beach,NY,New York,Erie,42.6242,-79.0786,14006,1840004380
Roessleville,NY,New York,Albany,42.6951,-73.8071,12205,1840033946
Saranac Lake,NY,New York,Franklin,44.3245,-74.1314,12983,1840004068
Clark Mills,NY,New York,Oneida,43.0895,-75.3757,13321 13323 13492,1840004204
Lima,NY,New York,Livingston,42.9069,-77.6123,14485,1840004424
Shokan,NY,New York,Ulster,41.9809,-74.213,12481,1840004723
Bergen,NY,New York,Genesee,43.0825,-77.9425,14416,1840004368
Salt Point,NY,New York,Dutchess,41.8061,-73.79,12578,1840024106
Quiogue,NY,New York,Suffolk,40.8201,-72.628,11978,1840005067
Strykersville,NY,New York,Wyoming,42.708,-78.4484,14145,1840025472
Mill Neck,NY,New York,Nassau,40.8839,-73.5582,11765,1840005309
Rocky Point,NY,New York,Suffolk,40.9357,-72.9364,11764 11961 11778,1840005070
Waterville,NY,New York,Oneida,42.9306,-75.3802,13480,1840004215
Sharon Springs,NY,New York,Schoharie,42.793,-74.6128,13459,1840004487
New Square,NY,New York,Rockland,41.1411,-74.0294,10977,1840004980
Philadelphia,NY,New York,Jefferson,44.154,-75.7098,13673,1840004115
Port Jefferson Station,NY,New York,Suffolk,40.926,-73.0651,11733 11776,1840005066
Ludlowville,NY,New York,Tompkins,42.5537,-76.5386,14882,1840033912
Bay Wood,NY,New York,Suffolk,40.7533,-73.29,11706,1840034028
Smithtown,NY,New York,Suffolk,40.8591,-73.2157,11787,1840005098
Potsdam,NY,New York,St. Lawrence,44.6691,-74.9857,13676 13699,1840004061
Hillside Lake,NY,New York,Dutchess,41.6191,-73.7944,12590,1840034052
Pendleton Center,NY,New York,Niagara,43.107,-78.7728,14094,1840033929
Woodridge,NY,New York,Sullivan,41.7125,-74.574,12789,1840004792
Sea Cliff,NY,New York,Nassau,40.8441,-73.6442,11579,1840005326
Westport,NY,New York,Essex,44.1835,-73.4388,12993,1840004088
Naples,NY,New York,Ontario,42.6177,-77.4021,14512,1840004411
East Islip,NY,New York,Suffolk,40.7275,-73.1861,11730,1840005036
Clarkson,NY,New York,Monroe,43.2398,-77.9162,14420,1840026164
Stony Brook,NY,New York,Suffolk,40.906,-73.1278,11790,1840005104
Lake Placid,NY,New York,Essex,44.2837,-73.9855,12946,1840004089
Shelter Island Heights,NY,New York,Suffolk,41.0745,-72.3434,11964 11965,1840005095
Nicholville,NY,New York,St. Lawrence,44.6973,-74.6594,12965,1840034022
Cayuga,NY,New York,Cayuga,42.9191,-76.7265,13034,1840004246
Floral Park,NY,New York,Nassau,40.7226,-73.7029,11001 11002,1840005286
Big Tree,NY,New York,Erie,42.7698,-78.8114,14075,1840033852
East Hills,NY,New York,Nassau,40.7958,-73.6292,11577 11576,1840005342
Merrick,NY,New York,Nassau,40.6515,-73.5535,11566 11520,1840005238
Nesconset,NY,New York,Suffolk,40.8467,-73.1522,11767 11787,1840005051
Greenvale,NY,New York,Nassau,40.8119,-73.6263,11548,1840005261
Delanson,NY,New York,Schenectady,42.7474,-74.1841,12053,1840004449
Cambridge,NY,New York,Washington,43.0279,-73.3813,12816,1840004182
Amityville,NY,New York,Suffolk,40.6696,-73.4156,11701,1840005140
Willsboro,NY,New York,Essex,44.3643,-73.3934,12996,1840025366
Caledonia,NY,New York,Livingston,42.9755,-77.8571,14423,1840004429
Hall,NY,New York,Ontario,42.7965,-77.068,14561 14456,1840025455
Lorenz Park,NY,New York,Columbia,42.2669,-73.77,12534,1840034053
Scotts Corners,NY,New York,Westchester,41.1889,-73.5561,10576,1840004925
Hurley,NY,New York,Ulster,41.9123,-74.0591,12401 12443,1840004717
Hemlock,NY,New York,Livingston,42.7937,-77.6073,14466,1840024073
Dansville,NY,New York,Livingston,42.5625,-77.6968,14437,1840004430
Morrisville,NY,New York,Madison,42.8987,-75.6448,13408,1840004356
Cuylerville,NY,New York,Livingston,42.7778,-77.8737,14481,1840024068
Hoffman,NY,New York,Niagara,43.0695,-78.8228,14120,1840034013
Williamsville,NY,New York,Erie,42.9622,-78.7418,14221,1840004392
Highland Mills,NY,New York,Orange,41.347,-74.1263,10930,1840033896
Barnum Island,NY,New York,Nassau,40.605,-73.6438,11558,1840034042
Rockville Centre,NY,New York,Nassau,40.6643,-73.6383,11570 11571,1840005320
Munsey Park,NY,New York,Nassau,40.799,-73.6799,11030,1840005311
Oyster Bay Cove,NY,New York,Nassau,40.8569,-73.5038,11791 11771,1840005317
Pomona Heights,NY,New York,Rockland,41.1662,-74.0688,10901,1840033936
Hailesboro,NY,New York,St. Lawrence,44.3098,-75.4357,13642,1840025338
Croton-on-Hudson,NY,New York,Westchester,41.2005,-73.9002,10520,1840004951
Parc,NY,New York,Clinton,44.6639,-73.453,12901,1840034040
North Haven,NY,New York,Suffolk,41.023,-72.314,11963,1840005125
North Collins,NY,New York,Erie,42.5948,-78.9369,14111,1840004388
Glen Park,NY,New York,Jefferson,44.0016,-75.9549,13601,1840004112
Saddle Rock Estates,NY,New York,Nassau,40.7938,-73.7415,11021 11023,1840033949
Wrights Corners,NY,New York,Niagara,43.2226,-78.677,14094,1840033994
Millbrook,NY,New York,Dutchess,41.7841,-73.694,12545,1840004749
Sherburne,NY,New York,Chenango,42.6807,-75.4964,13460,1840004511
Pond Eddy,NY,New York,Sullivan,41.4404,-74.8232,12770,1840033937
Randolph,NY,New York,Cattaraugus,42.1612,-78.9802,14772,1840004595
Otisville,NY,New York,Orange,41.4714,-74.5397,10963,1840004876
Kingston,NY,New York,Ulster,41.9295,-73.9968,12401 12402,1840000493
Romulus,NY,New York,Seneca,42.7519,-76.8351,14541,1840025458
Elmira,NY,New York,Chemung,42.0938,-76.8097,14901 14905 14904 14902,1840000472
Mayville,NY,New York,Chautauqua,42.2532,-79.5031,14757,1840004568
Hillcrest,NY,New York,Rockland,41.1298,-74.035,10977,1840004967
Monroe,NY,New York,Orange,41.3198,-74.1848,10950 10949,1840004874
Germantown,NY,New York,Columbia,42.1369,-73.8862,12526,1840004627
Amsterdam,NY,New York,Montgomery,42.9419,-74.1906,12010,1840000391
Copenhagen,NY,New York,Lewis,43.8934,-75.6726,13626,1840004140
Herricks,NY,New York,Nassau,40.7567,-73.6635,11040 11596,1840005264
Saint Johnsburg,NY,New York,Niagara,43.0887,-78.8898,14304,1840033950
Brinckerhoff,NY,New York,Dutchess,41.5511,-73.8697,12524,1840004740
Peekskill,NY,New York,Westchester,41.2883,-73.9227,10566,1840000783
Lewiston,NY,New York,Niagara,43.1724,-79.04,14092,1840004272
Hammond,NY,New York,St. Lawrence,44.4464,-75.6935,13646,1840004055
Ridge,NY,New York,Suffolk,40.9068,-72.8816,11961 11786,1840005068
Stewart Manor,NY,New York,Nassau,40.7202,-73.6853,11530,1840005328
Central Bridge,NY,New York,Schoharie,42.7068,-74.3473,12035 12092,1840025480
Harrisville,NY,New York,Lewis,44.1532,-75.3211,13648,1840004133
South Colton,NY,New York,St. Lawrence,44.5106,-74.8877,13687,1840034024
Woodsburgh,NY,New York,Nassau,40.6215,-73.7068,11598,1840005334
Wilson,NY,New York,Niagara,43.3097,-78.826,14172,1840004274
Richmondville,NY,New York,Schoharie,42.6335,-74.5628,12149,1840004485
Dix Hills,NY,New York,Suffolk,40.8035,-73.337,11746,1840005035
Morristown,NY,New York,St. Lawrence,44.5842,-75.6453,13664,1840004059
Southfields,NY,New York,Orange,41.2448,-74.1754,10975,1840033963
Ogdensburg,NY,New York,St. Lawrence,44.7088,-75.4717,13669,1840000297
Fultonville,NY,New York,Montgomery,42.9463,-74.3705,12072,1840004403
Uniondale,NY,New York,Nassau,40.702,-73.5909,11553 11556 11555,1840005279
Matinecock,NY,New York,Nassau,40.864,-73.5817,11560,1840005308
Scio,NY,New York,Allegany,42.1732,-77.9795,14880,1840025498
Henderson,NY,New York,Jefferson,43.8479,-76.1851,13650,1840023981
Chautauqua,NY,New York,Chautauqua,42.21,-79.469,14757 14722,1840026199
Aquebogue,NY,New York,Suffolk,40.9425,-72.6149,11901 11931,1840005015
Lyons Falls,NY,New York,Lewis,43.6171,-75.362,13368,1840004135
Portville,NY,New York,Cattaraugus,42.0368,-78.3373,14770,1840004594
Elmont,NY,New York,Nassau,40.7033,-73.7078,11003,1840005226
Pearl River,NY,New York,Rockland,41.0615,-74.0047,10965 10962,1840004966
Hornell,NY,New York,Steuben,42.3258,-77.6605,14843,1840000444
Great Neck Gardens,NY,New York,Nassau,40.797,-73.7229,11021 11023,1840034034
Lyndon,NY,New York,Onondaga,43.0292,-76.0541,13066,1840033913
Constableville,NY,New York,Lewis,43.5649,-75.4281,13325,1840004139
Odessa,NY,New York,Schuyler,42.335,-76.7881,14869,1840004584
Model City,NY,New York,Niagara,43.1851,-78.9837,14092,1840033916
Herkimer,NY,New York,Herkimer,43.0282,-74.9928,13350,1840004148
New Paltz,NY,New York,Ulster,41.7495,-74.0808,12561,1840004731
Depauville,NY,New York,Jefferson,44.1425,-76.0452,13656 13624 13622,1840004106
Loch Sheldrake,NY,New York,Sullivan,41.7733,-74.6558,12759 12747,1840033908
Albany,NY,New York,Albany,42.6664,-73.7987,12208 12209 12204 12206 12207 12202 12203 12205 12210 12222 12201 12212 12214 12220 12223 12224 12225 12226 12227 12228 12229 12230 12231 12232 12233 12234 12235 12236 12237 12238 12239 12240 12241 12242 12243 12244 12245 12246 12247 12248 12249 12250 12255 12257 12260 12261 12288,1840000417
Wainscott,NY,New York,Suffolk,40.9591,-72.2508,11975 11937,1840005108
Alexandria Bay,NY,New York,Jefferson,44.34,-75.9161,13607,1840004120
Delevan,NY,New York,Cattaraugus,42.4913,-78.4796,14042,1840004599
Bedford,NY,New York,Westchester,41.1943,-73.6468,10506,1840004915
Wyoming,NY,New York,Wyoming,42.824,-78.0842,14591,1840004472
Breesport,NY,New York,Chemung,42.1816,-76.7358,14838 14816,1840026214
Middleville,NY,New York,Herkimer,43.1384,-74.9707,13406 13416,1840004150
Eggertsville,NY,New York,Erie,42.9665,-78.8065,14226,1840024061
Cornwall-on-Hudson,NY,New York,Orange,41.4369,-74.0145,12520,1840004885
Saddle Rock,NY,New York,Nassau,40.7947,-73.7494,11023,1840033948
Pottersville,NY,New York,Warren,43.7363,-73.8212,12860,1840026144
Dryden,NY,New York,Tompkins,42.4912,-76.2996,13053,1840004547
Kiryas Joel,NY,New York,Orange,41.3398,-74.1667,10950,1840004872
Olean,NY,New York,Cattaraugus,42.0819,-78.4321,14760,1840000452
Farmingdale,NY,New York,Nassau,40.7328,-73.4465,11735 11737,1840005285
Gorham,NY,New York,Ontario,42.7996,-77.1347,14561,1840025454
Warrensburg,NY,New York,Warren,43.5143,-73.7761,12885,1840004183
Lincoln Park,NY,New York,Ulster,41.9559,-74.0016,12401,1840004720
Bolton Landing,NY,New York,Warren,43.5614,-73.6588,12814,1840026146
Ridgewood,NY,New York,Niagara,43.2503,-78.6473,14094,1840033944
Niagara Falls,NY,New York,Niagara,43.0921,-79.0147,14303 14302 14301 14305 14304,1840000371
Barneveld,NY,New York,Oneida,43.2738,-75.1889,13304,1840004218
Gouverneur,NY,New York,St. Lawrence,44.3366,-75.4666,13642,1840004054
Lackawanna,NY,New York,Erie,42.8182,-78.8324,14218,1840000387
West Haverstraw,NY,New York,Rockland,41.2063,-73.9884,10993 10923,1840004990
Endicott,NY,New York,Broome,42.098,-76.0639,13760 13761 13763,1840004664
New Windsor,NY,New York,Orange,41.4731,-74.0273,12553,1840004858
Blue Point,NY,New York,Suffolk,40.7518,-73.0352,11715,1840005019
Redford,NY,New York,Clinton,44.6062,-73.8113,12978 12981,1840004040
Lime Lake,NY,New York,Cattaraugus,42.4327,-78.4808,14042 14101,1840024096
Pierrepont Manor,NY,New York,Jefferson,43.7372,-76.0598,13674 13605 13661,1840023985
Buchanan,NY,New York,Westchester,41.2643,-73.9465,10511,1840004950
Selden,NY,New York,Suffolk,40.87,-73.0462,11784,1840005093
Andover,NY,New York,Allegany,42.1575,-77.7955,14806,1840004610
South New Berlin,NY,New York,Chenango,42.5295,-75.3852,13843,1840033960
Melrose Park,NY,New York,Cayuga,42.9085,-76.5263,13021,1840004237
Bridgehampton,NY,New York,Suffolk,40.9427,-72.3101,11932 11962 11976,1840005022
Livonia,NY,New York,Livingston,42.822,-77.6689,14487,1840004425
Camden,NY,New York,Oneida,43.3365,-75.7478,13316,1840004221
Palisades,NY,New York,Rockland,41.0112,-73.9135,10964,1840033928
Dalton,NY,New York,Livingston,42.5422,-77.952,14836,1840024069
Unadilla,NY,New York,Otsego,42.3273,-75.3155,13849,1840004458
Oak Beach,NY,New York,Suffolk,40.6393,-73.2885,11702,1840024182
Red Creek,NY,New York,Wayne,43.2488,-76.7225,13143,1840004294
Vista,NY,New York,Westchester,41.2023,-73.5101,10590,1840033979
Saint Johnsville,NY,New York,Montgomery,43.001,-74.6781,13452,1840004407
Rochester,NY,New York,Monroe,43.1681,-77.6162,14608 14609 14606 14605 14607 14604 14627 14620 14621 14619 14615 14614 14617 14611 14610 14613 14612 14602 14603 14638 14639 14642 14643 14644 14646 14647 14649 14650 14651 14652 14653 14692 14694,1840000373
Whitney Point,NY,New York,Broome,42.3303,-75.9679,13862,1840004661
Ilion,NY,New York,Herkimer,43.0114,-75.0396,13357,1840004149
Bridgewater,NY,New York,Oneida,42.8788,-75.252,13318 13313,1840004220
Porter Center,NY,New York,Niagara,43.2495,-78.9575,14174,1840033940
Ellicottville,NY,New York,Cattaraugus,42.2746,-78.6721,14731,1840004601
Fort Salonga,NY,New York,Suffolk,40.906,-73.2992,11768,1840005013
Stella Niagara,NY,New York,Niagara,43.202,-79.0423,14174,1840033966
West Gilgo Beach,NY,New York,Suffolk,40.6129,-73.4196,11702,1840033987
Roslyn Heights,NY,New York,Nassau,40.7787,-73.6396,11577,1840005254
Cold Brook,NY,New York,Herkimer,43.2397,-75.039,13324,1840004155
West Babylon,NY,New York,Suffolk,40.7112,-73.3567,11704 11707,1840005109
Manorhaven,NY,New York,Nassau,40.8399,-73.7127,11050,1840005306
Babylon,NY,New York,Suffolk,40.6949,-73.3271,11702,1840005142
Watervliet,NY,New York,Albany,42.7243,-73.7068,12189,1840002495
Macedon,NY,New York,Wayne,43.0683,-77.3036,14502,1840004291
Appleton,NY,New York,Niagara,43.3276,-78.6481,14008,1840033840
South Fallsburg,NY,New York,Sullivan,41.7218,-74.635,12747 12733 12779,1840004788
Ocean Beach,NY,New York,Suffolk,40.6464,-73.1565,11770,1840005127
Roslyn Estates,NY,New York,Nassau,40.7937,-73.6611,11576,1840005322
Valley Cottage,NY,New York,Rockland,41.116,-73.9436,10994 10989,1840004971
Hempstead,NY,New York,Nassau,40.7043,-73.6193,11550 11551,1840005293
Amenia,NY,New York,Dutchess,41.8493,-73.5541,12501,1840004738
Cayuga Heights,NY,New York,Tompkins,42.468,-76.4876,14850,1840004546
Ravena,NY,New York,Albany,42.4755,-73.8113,12143,1840004492
Aurora,NY,New York,Cayuga,42.7511,-76.6994,13026,1840004244
Websters Corners,NY,New York,Erie,42.7834,-78.7464,14127,1840033997
Lake View,NY,New York,Erie,42.7112,-78.9361,14085,1840033904
Remsen,NY,New York,Oneida,43.3282,-75.187,13438,1840004212
Country Knolls,NY,New York,Saratoga,42.9141,-73.8062,12019,1840034043
Huntington Bay,NY,New York,Suffolk,40.9014,-73.4163,11743,1840005119
New York,NY,New York,New York,40.6943,-73.9249,11229 11226 11225 11224 11222 11221 11220 11385 10169 10168 10167 10165 10162 10282 10280 10040 10044 11109 11102 11103 11104 11105 11379 11378 11697 11694 11692 11693 11691 10271 10279 10278 10075 10302 10452 11451 10475 10474 10471 10470 10473 10472 11228 11223 10103 11368 11369 11366 11367 11365 11362 11363 11360 11361 10028 10029 10026 10027 10024 10025 10022 10023 10020 10021 11212 11213 11210 11211 11216 11217 11214 11215 11218 11219 10152 10153 10154 10306 10305 10310 10311 10312 10314 11432 11433 11430 11436 11434 11435 10453 10451 10457 10456 10455 10454 10459 10458 10128 10004 10005 10006 10007 10001 10002 10003 10009 11238 11239 11230 11231 11232 11233 11234 11235 11236 11237 11375 11374 11377 11371 11370 11373 11372 10170 10171 10172 10173 10174 10177 11351 10039 10038 10035 10034 10037 10036 10031 10030 10033 10032 11201 11208 11203 11205 11204 11207 11206 11209 11411 11412 11413 11414 11415 11416 11417 11418 11419 11101 11106 11001 11005 11004 10065 10069 10199 10309 10308 10307 10304 10303 10301 11429 11428 11421 11420 11423 11422 11425 11424 11427 11426 10466 10467 10464 10465 10462 10463 10460 10461 10468 10469 10119 10115 10112 10110 10111 11364 11359 11358 11357 11356 11355 11354 10019 10018 10013 10012 10011 10010 10017 10016 10014 10008 10041 10043 10045 10055 10060 10080 10081 10087 10090 10101 10102 10104 10105 10106 10107 10108 10109 10113 10114 10116 10117 10118 10120 10121 10122 10123 10124 10125 10126 10129 10130 10131 10132 10133 10138 10150 10151 10155 10156 10157 10158 10159 10160 10163 10164 10166 10175 10176 10178 10179 10185 10203 10211 10212 10213 10242 10249 10256 10258 10259 10260 10261 10265 10268 10269 10270 10272 10273 10274 10275 10276 10277 10281 10285 10286 10313 11120 11202 11241 11242 11243 11245 11247 11249 11251 11252 11256 11352 11380 11381 11386 11405 11431 11439 11499 11690 11695,1840034016
Leeds,NY,New York,Greene,42.2529,-73.894,12451,1840004645
Old Bethpage,NY,New York,Nassau,40.7557,-73.4544,11804 11735,1840005247
Scranton,NY,New York,Erie,42.7406,-78.8342,14075,1840033956
Tomkins Cove,NY,New York,Rockland,41.257,-73.9835,10986,1840033972
Keeseville,NY,New York,Essex,44.5047,-73.4822,12944,1840033988
Tallman,NY,New York,Rockland,41.1112,-74.0999,10901,1840033969
Whitesboro,NY,New York,Oneida,43.124,-75.2966,13492,1840004216
Southampton,NY,New York,Suffolk,40.8778,-72.4004,11968 11969,1840005137
Scarsdale,NY,New York,Westchester,40.9902,-73.7773,10583,1840004943
Endwell,NY,New York,Broome,42.1185,-76.0219,13760 13762,1840004657
West Chazy,NY,New York,Clinton,44.8178,-73.5118,12992,1840026118
Narrowsburg,NY,New York,Sullivan,41.6006,-75.0579,12764,1840004783
Bridgeport,NY,New York,Madison,43.1545,-75.9734,13030 13082,1840033857
Glenfield,NY,New York,Lewis,43.7103,-75.4021,13343,1840033890
East Farmingdale,NY,New York,Suffolk,40.7336,-73.4169,11735,1840034046
Florida,NY,New York,Orange,41.3312,-74.3533,10921,1840004867
East Wilson,NY,New York,Niagara,43.2412,-78.7592,14108,1840033878
Hobart,NY,New York,Delaware,42.3715,-74.6691,13788,1840004619
Morris,NY,New York,Otsego,42.548,-75.2455,13808,1840004455
Richfield Springs,NY,New York,Otsego,42.8537,-74.9862,13439,1840004457
Rouses Point,NY,New York,Clinton,44.993,-73.3633,12979,1840004043
Massapequa,NY,New York,Nassau,40.6676,-73.4706,11758,1840005274
North Babylon,NY,New York,Suffolk,40.7311,-73.3251,11703,1840005054
Bronx,NY,New York,Bronx,40.8501,-73.8662,10453 10457 10460 10458 10467 10468 10451 10452 10456 10454 10455 10459 10474 10463 10471 10466 10469 10470 10475 10461 10462 10464 10465 10472 10473,1840033999
Town Line,NY,New York,Erie,42.8858,-78.561,14086 14004,1840004382
Whitesville,NY,New York,Allegany,42.0378,-77.7625,14897,1840033990
Friendship,NY,New York,Allegany,42.2055,-78.1419,14739,1840004603
Amagansett,NY,New York,Suffolk,40.9844,-72.1326,11930 11937,1840005014
Fulton,NY,New York,Oswego,43.3168,-76.4161,13069,1840000347
Newton Falls,NY,New York,St. Lawrence,44.2106,-74.9891,13666,1840034021
Chateaugay,NY,New York,Franklin,44.9266,-74.0804,12920,1840004072
Shenorock,NY,New York,Westchester,41.3306,-73.7409,10598,1840004926
Zena,NY,New York,Ulster,42.021,-74.0855,12401 12498,1840004730
Towers Corners,NY,New York,Niagara,43.2581,-79.0092,14174,1840033973
Briarcliff Manor,NY,New York,Westchester,41.14,-73.844,10510,1840004948
Wantagh,NY,New York,Nassau,40.6686,-73.5104,11793,1840005281
Seaford,NY,New York,Nassau,40.6678,-73.4922,11783,1840005275
Spring Brook,NY,New York,Erie,42.8181,-78.6756,14059,1840033965
West Valley,NY,New York,Cattaraugus,42.4036,-78.6115,14171,1840026204
Cherry Creek,NY,New York,Chautauqua,42.2959,-79.1008,14723,1840004578
Prattsville,NY,New York,Greene,42.33,-74.4213,12468,1840025504
Alder Creek,NY,New York,Oneida,43.4234,-75.2279,13301,1840033836
North Gates,NY,New York,Monroe,43.1718,-77.7064,14606,1840024047
Irvington,NY,New York,Westchester,41.0349,-73.8661,10503 10533,1840004933
Vestal Center,NY,New York,Broome,42.0329,-76.0149,13850,1840033977
Plattekill,NY,New York,Ulster,41.6205,-74.0606,12589 12528,1840004710
North Valley Stream,NY,New York,Nassau,40.684,-73.7077,11580 11003,1840005244
East Norwich,NY,New York,Nassau,40.8496,-73.5288,11771 11732,1840005237
Montour Falls,NY,New York,Schuyler,42.3499,-76.8483,14865 14891,1840004583
Washingtonville,NY,New York,Orange,41.4296,-74.1578,10992,1840004882
Harriman,NY,New York,Orange,41.3088,-74.1444,10926,1840004870
Poughkeepsie,NY,New York,Dutchess,41.6949,-73.921,12601 12603 12602,1840000500
Panama,NY,New York,Chautauqua,42.0747,-79.485,14767,1840004569
Firthcliffe,NY,New York,Orange,41.4409,-74.0353,12518,1840004854
Hadley,NY,New York,Saratoga,43.3095,-73.8461,12835,1840024044
Bay View,NY,New York,Erie,42.7792,-78.8578,14219,1840033847
South Huntington,NY,New York,Suffolk,40.8225,-73.3921,11746,1840005100
Clyde,NY,New York,Wayne,43.0839,-76.8707,14433,1840004298
Lido Beach,NY,New York,Nassau,40.5904,-73.6121,11569 11561,1840005271
Mineola,NY,New York,Nassau,40.7469,-73.6392,11501,1840005310
Patchogue,NY,New York,Suffolk,40.7621,-73.0185,11772,1840005129
Duanesburg,NY,New York,Schenectady,42.7636,-74.135,12053 12056,1840004443
Sagaponack,NY,New York,Suffolk,40.9302,-72.2726,11962,1840005134
Riverside,NY,New York,Steuben,42.1554,-77.0802,14830 14870,1840004552
Sayville,NY,New York,Suffolk,40.7478,-73.084,11796 11782,1840005092
Turin,NY,New York,Lewis,43.6292,-75.4107,13473,1840004137
East Avon,NY,New York,Livingston,42.9128,-77.7072,14414,1840024070
Livonia Center,NY,New York,Livingston,42.821,-77.6421,14487,1840024078
Eastport,NY,New York,Suffolk,40.8407,-72.7251,11933 11972 11941,1840005042
Bay Park,NY,New York,Nassau,40.6303,-73.667,11518,1840005230
Clarence,NY,New York,Erie,42.9739,-78.593,14031,1840026184
Johnson City,NY,New York,Broome,42.1233,-75.9625,13790,1840004658
Stannards,NY,New York,Allegany,42.0741,-77.9123,14895,1840004605
Marlboro,NY,New York,Ulster,41.6028,-73.9774,12542,1840004722
North Great River,NY,New York,Suffolk,40.7599,-73.1678,11752,1840005057
Gardiner,NY,New York,Ulster,41.6795,-74.1479,12525,1840004713
Constantia,NY,New York,Oswego,43.2548,-76.0109,13044,1840004187
Crugers,NY,New York,Westchester,41.2279,-73.9259,10520,1840004918
Spencer,NY,New York,Tioga,42.2144,-76.4964,14883,1840004669
Lake Carmel,NY,New York,Putnam,41.4612,-73.6681,10512,1840004890
Brockport,NY,New York,Monroe,43.2136,-77.9405,14420 14430,1840004287
Tonawanda,NY,New York,Erie,43.0105,-78.8805,14150 14151,1840004381
Lake Ronkonkoma,NY,New York,Suffolk,40.8308,-73.1112,11767 11779,1840005086
Baldwin Harbor,NY,New York,Nassau,40.6296,-73.6026,11510,1840005229
East White Plains,NY,New York,Westchester,41.039,-73.7476,10604,1840033877
Waddington,NY,New York,St. Lawrence,44.8591,-75.197,13694,1840004064
Mamaroneck,NY,New York,Westchester,40.9469,-73.7316,10543,1840004935
Grand View-on-Hudson,NY,New York,Rockland,41.0629,-73.9208,10960,1840004974
East Rochester,NY,New York,Monroe,43.1121,-77.4869,14445,1840004289
Greenport,NY,New York,Suffolk,41.1031,-72.3669,11944,1840005117
Depew,NY,New York,Erie,42.9117,-78.7044,14043,1840004397
Nichols,NY,New York,Tioga,42.02,-76.3704,13812,1840004667
Mohawk,NY,New York,Herkimer,43.0104,-75.0075,13407,1840004151
Rye,NY,New York,Westchester,40.969,-73.6878,10580,1840000784
West Hempstead,NY,New York,Nassau,40.6959,-73.6507,11552,1840005282
Adams,NY,New York,Jefferson,43.8102,-76.023,13605,1840004119
South Nyack,NY,New York,Rockland,41.0797,-73.9127,10960,1840004985
Ovid,NY,New York,Seneca,42.6756,-76.8229,14521,1840004419
Irondequoit,NY,New York,Monroe,43.2096,-77.5705,14609 14621 14622 14617,1840004279
Brocton,NY,New York,Chautauqua,42.3899,-79.4429,14716,1840004575
New Hartford,NY,New York,Oneida,43.071,-75.2886,13413,1840004206
Nissequogue,NY,New York,Suffolk,40.9023,-73.1921,11780,1840005124
Mayfield,NY,New York,Fulton,43.1028,-74.2661,12078 12117,1840004309
Weedsport,NY,New York,Cayuga,43.0482,-76.5637,13166,1840004243
Haverstraw,NY,New York,Rockland,41.1934,-73.952,10927,1840004975
Norwood,NY,New York,St. Lawrence,44.7481,-74.997,13668,1840004060
Gordon Heights,NY,New York,Suffolk,40.8645,-72.9678,11763 11953,1840005072
Retsof,NY,New York,Livingston,42.8325,-77.8757,14539 14533,1840024080
Fayetteville,NY,New York,Onondaga,43.0308,-75.9985,13066,1840004320
South Hill,NY,New York,Tompkins,42.4113,-76.4883,14850,1840004541
Hermon,NY,New York,St. Lawrence,44.467,-75.2311,13652,1840004056
Machias,NY,New York,Cattaraugus,42.4156,-78.4882,14101,1840024097
Chittenango,NY,New York,Madison,43.0462,-75.8749,13037,1840004361
Old Field,NY,New York,Suffolk,40.9614,-73.1324,11733,1840005128
Prattsburgh,NY,New York,Steuben,42.5248,-77.2884,14873,1840026198
Fillmore,NY,New York,Allegany,42.4669,-78.1107,14735,1840004602
Speonk,NY,New York,Suffolk,40.8195,-72.7054,11972,1840033964
Fonda,NY,New York,Montgomery,42.9536,-74.372,12068,1840004400
North Hornell,NY,New York,Steuben,42.3455,-77.6606,14843,1840004550
Worcester,NY,New York,Otsego,42.6018,-74.749,12197,1840025469
Calverton,NY,New York,Suffolk,40.9163,-72.7645,11933 11949,1840005024
Bethpage,NY,New York,Nassau,40.7495,-73.4856,11714,1840005233
Fort Montgomery,NY,New York,Orange,41.3402,-73.9853,10928 10922,1840004855
Cape Vincent,NY,New York,Jefferson,44.1263,-76.3302,13618,1840004124
Harrison,NY,New York,Westchester,41.0233,-73.7192,10604 10580 10577 10528,1840004931
Cleveland,NY,New York,Oswego,43.2398,-75.8847,13042,1840004198
Campbell,NY,New York,Steuben,42.2351,-77.1937,14821,1840026196
Edgewater,NY,New York,Erie,43.0464,-78.9098,14072,1840033880
Tuxedo Park,NY,New York,Orange,41.2007,-74.206,10987,1840004878
Round Lake,NY,New York,Saratoga,42.9376,-73.7958,12151 12118,1840004249
Palmyra,NY,New York,Wayne,43.0609,-77.2298,14522,1840004293
Farnham,NY,New York,Erie,42.5951,-79.0809,14061 14081,1840004384
Rodman,NY,New York,Jefferson,43.8512,-75.9406,13682,1840023987
Elba,NY,New York,Genesee,43.0768,-78.1889,14058,1840004370
North Chili,NY,New York,Monroe,43.1198,-77.8056,14514,1840033924
Purchase,NY,New York,Westchester,41.0409,-73.7146,10577,1840034005
Sauquoit,NY,New York,Oneida,43.0042,-75.2599,13456,1840033953
Edwards,NY,New York,St. Lawrence,44.3231,-75.2517,13635,1840004066
Fowlerville,NY,New York,Livingston,42.894,-77.8479,14423,1840024071
Athens,NY,New York,Greene,42.2695,-73.8104,12015,1840004649
Cedarville,NY,New York,Herkimer,42.9306,-75.1127,13357,1840033862
Pulaski,NY,New York,Oswego,43.5659,-76.127,13142,1840004194
Hamlin,NY,New York,Monroe,43.3023,-77.9218,14464,1840026163
Chappaqua,NY,New York,Westchester,41.1601,-73.7672,10514,1840004916
Menands,NY,New York,Albany,42.691,-73.7271,12204,1840004491
Boonville,NY,New York,Oneida,43.4813,-75.3296,13309,1840004219
Cassville,NY,New York,Oneida,42.9459,-75.2543,13318,1840033861
Norfolk,NY,New York,St. Lawrence,44.7923,-74.9866,13668 13667,1840004052
Richville,NY,New York,St. Lawrence,44.4151,-75.3924,13681,1840004063
Ronkonkoma,NY,New York,Suffolk,40.804,-73.1258,11779,1840005071
Armonk,NY,New York,Westchester,41.132,-73.7137,10504,1840004914
Lake George,NY,New York,Warren,43.426,-73.715,12845,1840004185
Van Cortlandtville,NY,New York,Westchester,41.3148,-73.9037,10567,1840033976
Brewster Hill,NY,New York,Putnam,41.4228,-73.6069,10509,1840004888
Woodstock,NY,New York,Ulster,42.0414,-74.1178,12498,1840004729
Cortland,NY,New York,Cortland,42.6004,-76.1784,13045,1840000419
Sandy Creek,NY,New York,Oswego,43.6434,-76.0863,13145 13083,1840004195
Bellvale,NY,New York,Orange,41.2504,-74.3107,10990,1840033849
Palatine Bridge,NY,New York,Montgomery,42.9143,-74.5747,13428,1840004406
Norwich,NY,New York,Chenango,42.5333,-75.5227,13815,1840000424
Hudson Falls,NY,New York,Washington,43.3042,-73.5818,12839,1840004178
Millerton,NY,New York,Dutchess,41.953,-73.5113,12546,1840004750
Hunter,NY,New York,Greene,42.2117,-74.2162,12442,1840004647
Bowmansville,NY,New York,Erie,42.9384,-78.6848,14026,1840033854
Wynantskill,NY,New York,Rensselaer,42.6881,-73.6467,12180 12198,1840004435
Bellerose,NY,New York,Nassau,40.7242,-73.7167,11001,1840005337
Durhamville,NY,New York,Oneida,43.1225,-75.665,13054,1840026151
Falconer,NY,New York,Chautauqua,42.119,-79.1973,14733,1840004564
Fairview,NY,New York,Westchester,41.0442,-73.7963,10607 10603,1840033884
Honeoye Falls,NY,New York,Monroe,42.9557,-77.5903,14472,1840004282
Garden City,NY,New York,Nassau,40.7266,-73.6447,11530 11531 11599,1840005289
Lonelyville,NY,New York,Suffolk,40.6409,-73.1748,11770,1840033909
Nassau,NY,New York,Rensselaer,42.514,-73.6108,12123,1840004437
Northwest Harbor,NY,New York,Suffolk,41.0053,-72.222,11937,1840034057
Millport,NY,New York,Chemung,42.2681,-76.8363,14864,1840004689
New Cassel,NY,New York,Nassau,40.76,-73.5649,11590,1840005239
Port Jefferson,NY,New York,Suffolk,40.9465,-73.0579,11777,1840005131
Baldwinsville,NY,New York,Onondaga,43.157,-76.3318,13027,1840004330
Centerport,NY,New York,Suffolk,40.8943,-73.3714,11721,1840005027
Hillburn,NY,New York,Rockland,41.1264,-74.1704,10931,1840004976
Red Oaks Mill,NY,New York,Dutchess,41.6522,-73.8746,12603,1840004745
Napeague,NY,New York,Suffolk,40.995,-72.0707,11930,1840005050
Youngstown,NY,New York,Niagara,43.2486,-79.0444,14174,1840004275
Coram,NY,New York,Suffolk,40.8813,-73.0059,11727 11784 11738 11776,1840005032
Village Green,NY,New York,Onondaga,43.1324,-76.3108,13027,1840034064
Canastota,NY,New York,Madison,43.0835,-75.7559,13032,1840004359
Walker Valley,NY,New York,Ulster,41.6386,-74.3775,12566,1840004726
Saltaire,NY,New York,Suffolk,40.6388,-73.1948,11706,1840005135
Champlain,NY,New York,Clinton,44.9882,-73.4412,12919,1840004044
Barryville,NY,New York,Sullivan,41.4776,-74.911,12719,1840033845
Washington Mills,NY,New York,Oneida,43.0479,-75.2811,13413 13479,1840024028
Seneca Knolls,NY,New York,Onondaga,43.12,-76.2873,13027 13209,1840034041
Silver Springs,NY,New York,Wyoming,42.6605,-78.0855,14550,1840004470
Gansevoort,NY,New York,Saratoga,43.1962,-73.6518,12831,1840033887
High Falls,NY,New York,Ulster,41.8275,-74.1184,12440,1840004715
Franklin Square,NY,New York,Nassau,40.7002,-73.6775,11010,1840005256
Willsboro Point,NY,New York,Essex,44.4087,-73.3782,12996,1840033991
Ballston Spa,NY,New York,Saratoga,43.0068,-73.8524,12020,1840004254
Spackenkill,NY,New York,Dutchess,41.6549,-73.9102,12603,1840034063
Hampton,NY,New York,Washington,43.5248,-73.2518,12837,1840033894
Fairport,NY,New York,Monroe,43.099,-77.4427,14450,1840004280
Scottsburg,NY,New York,Livingston,42.6639,-77.7124,14545,1840024081
Windham,NY,New York,Greene,42.315,-74.2482,12496,1840004646
Hogansburg,NY,New York,Franklin,44.9739,-74.6632,13655,1840033897
Leicester,NY,New York,Livingston,42.7709,-77.8969,14481,1840004423
Westfield,NY,New York,Chautauqua,42.3219,-79.5747,14787,1840004573
Oswego,NY,New York,Oswego,43.4516,-76.5005,13126,1840000348
Woodbury,NY,New York,Orange,41.3284,-74.1004,10917 10930 10926,1840004883
Smyrna,NY,New York,Chenango,42.6869,-75.5688,13464,1840004512
Yorkville,NY,New York,Oneida,43.1124,-75.2739,13495 13502,1840004217
Unionville,NY,New York,Orange,41.3013,-74.5619,10988,1840004879
Forest Home,NY,New York,Tompkins,42.453,-76.4701,14850,1840004540
Hilton,NY,New York,Monroe,43.29,-77.7925,14468,1840004281
Saint Regis Falls,NY,New York,Franklin,44.6764,-74.5309,12980,1840025341
Linwood,NY,New York,Livingston,42.8967,-77.9476,14525 14486,1840024077
South Lockport,NY,New York,Niagara,43.1377,-78.6864,14094,1840004271
Moriches,NY,New York,Suffolk,40.8068,-72.8235,11955,1840005048
Furnace Woods,NY,New York,Westchester,41.2648,-73.886,10567,1840033886
East Marion,NY,New York,Suffolk,41.1291,-72.342,11939,1840005037
Monsey,NY,New York,Rockland,41.1183,-74.068,10952 10977,1840004961
North Tonawanda,NY,New York,Niagara,43.0457,-78.8659,14120,1840000372
North Massapequa,NY,New York,Nassau,40.7031,-73.4679,11758,1840005241
Laurel Hollow,NY,New York,Nassau,40.8541,-73.4755,11791,1840005302
Port Washington,NY,New York,Nassau,40.8268,-73.6764,11050 11051 11052 11053 11054 11055,1840005252
Annsville,NY,New York,Westchester,41.3076,-73.9279,10567,1840033839
Wisner,NY,New York,Orange,41.2709,-74.3265,10990,1840034009
Elma Center,NY,New York,Erie,42.8282,-78.6342,14059 14140,1840004372
Jamestown,NY,New York,Chautauqua,42.0975,-79.2366,14701 14702,1840000446
East Nassau,NY,New York,Rensselaer,42.533,-73.5085,12123 12062,1840004441
Wallkill,NY,New York,Ulster,41.6085,-74.1646,12589,1840004727
Roe Park,NY,New York,Westchester,41.3065,-73.8835,10567,1840033945
Titusville,NY,New York,Dutchess,41.6663,-73.8633,12603,1840024107
Kerhonkson,NY,New York,Ulster,41.7797,-74.2956,12446,1840004718
Upper Nyack,NY,New York,Rockland,41.1143,-73.9058,10960,1840004988
East Shoreham,NY,New York,Suffolk,40.946,-72.8812,11792 11786,1840034048
Webster,NY,New York,Monroe,43.215,-77.4225,14580,1840004286
Syosset,NY,New York,Nassau,40.8157,-73.502,11791 11773,1840005278
Sloatsburg,NY,New York,Rockland,41.162,-74.1902,10974,1840004984
Greenwich,NY,New York,Washington,43.0864,-73.4966,12834,1840004177
Yorktown Heights,NY,New York,Westchester,41.2697,-73.7755,10598,1840004930
Milford,NY,New York,Otsego,42.5905,-74.947,13807,1840004454
West Hurley,NY,New York,Ulster,42.0083,-74.1121,12491 12401 12498 12433,1840004728
Sidney,NY,New York,Delaware,42.3066,-75.3983,13838,1840004621
Northampton,NY,New York,Suffolk,40.879,-72.6825,11901,1840034038
Rhinebeck,NY,New York,Dutchess,41.9294,-73.9081,12572,1840004753
Amity,NY,New York,Orange,41.2682,-74.4549,10990,1840033838
East Meadow,NY,New York,Nassau,40.7197,-73.5604,11554,1840005236
South Otselic,NY,New York,Chenango,42.6467,-75.7813,13155,1840033961
Camillus,NY,New York,Onondaga,43.0385,-76.3103,13031,1840004331
Molyneaux Corners,NY,New York,Niagara,43.2103,-78.7973,14094,1840033917
Parish,NY,New York,Oswego,43.4058,-76.1262,13131,1840004192
Montauk,NY,New York,Suffolk,41.0471,-71.9449,11954,1840005047
West Falls,NY,New York,Erie,42.7014,-78.6822,14170,1840033986
Bellerose Terrace,NY,New York,Nassau,40.7221,-73.7252,11001,1840005231
Angola on the Lake,NY,New York,Erie,42.655,-79.0523,14006,1840004373
De Kalb Junction,NY,New York,St. Lawrence,44.5047,-75.2852,13630,1840034018
Tivoli,NY,New York,Dutchess,42.0587,-73.9119,12583,1840004754
East Rockaway,NY,New York,Nassau,40.6432,-73.6672,11563 11518,1840005343
Crystal Beach,NY,New York,Ontario,42.8095,-77.2582,14424,1840026187
Kaser,NY,New York,Rockland,41.1214,-74.0686,10952,1840004977
Crompond,NY,New York,Westchester,41.2908,-73.8356,10598 10547 10567,1840004917
Gang Mills,NY,New York,Steuben,42.1534,-77.123,14870,1840004548
Tannersville,NY,New York,Greene,42.1936,-74.1353,12485,1840004648
Apalachin,NY,New York,Tioga,42.0705,-76.1626,13732,1840004665
Castorland,NY,New York,Lewis,43.8861,-75.5163,13620,1840004138
Harris Hill,NY,New York,Erie,42.973,-78.6793,14221,1840004378
Oneonta,NY,New York,Otsego,42.4551,-75.0666,13820,1840000405
Bloomingburg,NY,New York,Sullivan,41.552,-74.4437,12721,1840004794
Centre Island,NY,New York,Nassau,40.9018,-73.5211,11771,1840005340
Mineville,NY,New York,Essex,44.0933,-73.5246,12956 12998,1840023959
Tribes Hill,NY,New York,Montgomery,42.9479,-74.2988,12177 12068,1840004399
Owego,NY,New York,Tioga,42.1047,-76.263,13827,1840004668
West Carthage,NY,New York,Jefferson,43.973,-75.6219,13619,1840004118
Port Leyden,NY,New York,Lewis,43.5838,-75.3413,13433,1840004136
Wampsville,NY,New York,Madison,43.0772,-75.7097,13163 13032,1840004358
Wheatley Heights,NY,New York,Suffolk,40.7625,-73.3703,11798,1840005114
Montebello,NY,New York,Rockland,41.1316,-74.1134,10901,1840004978
Middleburgh,NY,New York,Schoharie,42.598,-74.3298,12122,1840004484
Lyon Mountain,NY,New York,Clinton,44.7249,-73.8823,12952,1840004041
Silver Creek,NY,New York,Chautauqua,42.5426,-79.1677,14136,1840004571
Sackets Harbor,NY,New York,Jefferson,43.9418,-76.1182,13685,1840004116
Barker,NY,New York,Niagara,43.3282,-78.5535,14012,1840004276
Kenmore,NY,New York,Erie,42.9646,-78.8713,14217,1840004386
Smallwood,NY,New York,Sullivan,41.6595,-74.8202,12778 12786,1840004787
Belmont,NY,New York,Allegany,42.2226,-78.0328,14813,1840004612
Lorraine,NY,New York,Jefferson,43.7656,-75.9523,13659,1840023982
Greenlawn,NY,New York,Suffolk,40.863,-73.3642,11740 11743,1840005074
Scottsville,NY,New York,Monroe,43.0221,-77.7555,14546,1840004284
Long Beach,NY,New York,Nassau,40.5887,-73.666,11561,1840000988
Lowville,NY,New York,Lewis,43.7867,-75.4874,13367,1840004134
Kings Park,NY,New York,Suffolk,40.8887,-73.2452,11754,1840005085
Belle Terre,NY,New York,Suffolk,40.9607,-73.0672,11777,1840005143
Milton,NY,New York,Ulster,41.6587,-73.9664,12547,1840004706
Bellmore,NY,New York,Nassau,40.6569,-73.5285,11710,1840005232
Holbrook,NY,New York,Suffolk,40.7944,-73.0707,11741,1840005078
Hammondsport,NY,New York,Steuben,42.4082,-77.2236,14840,1840004549
Rock Hill,NY,New York,Sullivan,41.615,-74.5827,12775,1840004784
Perry,NY,New York,Wyoming,42.7174,-78.0064,14530,1840004469
East Garden City,NY,New York,Nassau,40.7317,-73.5981,11549 11530 11553 11590,1840005235
Piermont,NY,New York,Rockland,41.0423,-73.915,10968,1840004982
Arcade,NY,New York,Wyoming,42.5317,-78.4327,14009,1840004473
Galway,NY,New York,Saratoga,43.0185,-74.0318,12074,1840004248
Gainesville,NY,New York,Wyoming,42.6415,-78.1347,14066,1840004468
Nedrow,NY,New York,Onondaga,42.9779,-76.1417,13205 13120,1840004314
Sand Ridge,NY,New York,Oswego,43.2559,-76.2317,13132,1840034061
Mount Upton,NY,New York,Chenango,42.4265,-75.3832,13809,1840033918
Griffins Mills,NY,New York,Erie,42.7239,-78.6672,14170,1840033893
Pine Island,NY,New York,Orange,41.2979,-74.4593,10969,1840033933
Alfred,NY,New York,Allegany,42.2543,-77.7897,14802 14803,1840004608
Sloan,NY,New York,Erie,42.8921,-78.7918,14206 14212,1840004390
Copake Falls,NY,New York,Columbia,42.1202,-73.5247,12517,1840033866
East Williston,NY,New York,Nassau,40.7608,-73.6336,11596,1840005344
Shortsville,NY,New York,Ontario,42.9555,-77.2234,14548,1840004413
Gilbertsville,NY,New York,Otsego,42.4694,-75.3226,13776,1840004452
Portageville,NY,New York,Wyoming,42.5698,-78.04,14536,1840033939
Port Byron,NY,New York,Cayuga,43.0365,-76.6261,13140,1840004241
Bohemia,NY,New York,Suffolk,40.7717,-73.1271,11716,1840005020
Tuckahoe,NY,New York,Westchester,40.953,-73.823,10707,1840004946
Valatie,NY,New York,Columbia,42.4134,-73.6778,12184,1840004632
Brentwood,NY,New York,Suffolk,40.7839,-73.2522,11717,1840005021
Cuba,NY,New York,Allegany,42.2183,-78.2752,14727,1840004615
Guilford,NY,New York,Chenango,42.4072,-75.4899,13780,1840025490
Troy,NY,New York,Rensselaer,42.7354,-73.6751,12182 12180 12181,1840003087
Nyack,NY,New York,Rockland,41.0919,-73.9143,10960,1840004981
Halesite,NY,New York,Suffolk,40.8864,-73.4139,11743,1840005075
Fort Johnson,NY,New York,Montgomery,42.9591,-74.2381,12010 12070,1840004401
Mount Sinai,NY,New York,Suffolk,40.9372,-73.018,11766,1840005049
Millwood,NY,New York,Westchester,41.1923,-73.7974,10546,1840033915
North New Hyde Park,NY,New York,Nassau,40.746,-73.6876,11042 11040,1840005243
Rushville,NY,New York,Yates,42.7607,-77.2274,14544,1840004504
Oakfield,NY,New York,Genesee,43.0649,-78.271,14125,1840004366
Ellisburg,NY,New York,Jefferson,43.7351,-76.1344,13661 13636,1840004130
Southport,NY,New York,Chemung,42.0639,-76.8185,14871 14904,1840004686
Islip Terrace,NY,New York,Suffolk,40.7506,-73.1872,11752,1840005083
Bemus Point,NY,New York,Chautauqua,42.1635,-79.3895,14712,1840004574
Great Neck,NY,New York,Nassau,40.8028,-73.7331,11024 11023 11022 11026 11027,1840005290
East Northport,NY,New York,Suffolk,40.8792,-73.3232,11768 11731,1840005039
Eden,NY,New York,Erie,42.6523,-78.9013,14057,1840004371
Hewlett Bay Park,NY,New York,Nassau,40.6346,-73.6953,11557,1840005294
Wendelville,NY,New York,Niagara,43.0712,-78.7706,14120,1840033985
Jericho,NY,New York,Nassau,40.7875,-73.5416,11753 11853,1840005268
Waverly,NY,New York,Tioga,42.0119,-76.5405,14892,1840004670
Parishville,NY,New York,St. Lawrence,44.6257,-74.8004,13676 13672,1840025340
Three Mile Bay,NY,New York,Jefferson,44.0831,-76.198,13693 13622,1840023989
Elmira Heights,NY,New York,Chemung,42.1267,-76.8255,14903,1840004692
Canajoharie,NY,New York,Montgomery,42.8998,-74.57,13317,1840004409
Ripley,NY,New York,Chautauqua,42.2657,-79.7123,14775,1840004562
Orange Lake,NY,New York,Orange,41.5318,-74.0936,12550,1840004859
Chester,NY,New York,Orange,41.357,-74.2769,10918,1840004884
East Kingston,NY,New York,Ulster,41.9523,-73.9704,12401,1840004705
Davenport Center,NY,New York,Delaware,42.4459,-74.9088,13751 13820,1840025501
Oxbow,NY,New York,Jefferson,44.2868,-75.6223,13608,1840023983
Roosevelt Beach,NY,New York,Niagara,43.3076,-78.8584,14172,1840033947
Gasport,NY,New York,Niagara,43.195,-78.5764,14067,1840004270
Raquette Lake,NY,New York,Hamilton,43.8131,-74.6574,13436,1840033941
Attica,NY,New York,Wyoming,42.8641,-78.2798,14011,1840004474
West Point,NY,New York,Orange,41.3645,-74.0139,10928 10996 10997,1840004866
Madison,NY,New York,Madison,42.8977,-75.5123,13402,1840004355
Minetto,NY,New York,Oswego,43.3997,-76.4809,13115 13069 13126,1840004188
Watkins Glen,NY,New York,Schuyler,42.3801,-76.8673,14891,1840004585
Bloomville,NY,New York,Delaware,42.3338,-74.818,13739,1840025500
Windom,NY,New York,Erie,42.7853,-78.7898,14127,1840033992
Ithaca,NY,New York,Tompkins,42.4442,-76.5032,14853 14850 14851 14852,1840000442
Great River,NY,New York,Suffolk,40.7164,-73.1603,11730 11739,1840005073
Oriskany,NY,New York,Oneida,43.1568,-75.3335,13424,1840004209
Hewlett Harbor,NY,New York,Nassau,40.6327,-73.6842,11557,1840005295
Adams Center,NY,New York,Jefferson,43.8616,-76.0001,13606,1840004104
Searingtown,NY,New York,Nassau,40.7705,-73.6603,11507 11577 11576,1840033957
West Sand Lake,NY,New York,Rensselaer,42.6403,-73.6033,12018 12196,1840004434
Dering Harbor,NY,New York,Suffolk,41.0931,-72.3417,11964 11965,1840005146
Larchmont,NY,New York,Westchester,40.9258,-73.7529,10538,1840004934
Fernwood,NY,New York,Saratoga,43.2765,-73.6465,12803,1840033885
Archville,NY,New York,Westchester,41.1218,-73.8612,10510,1840033841
Westhampton Beach,NY,New York,Suffolk,40.8079,-72.6457,11978,1840005139
Scotchtown,NY,New York,Orange,41.4759,-74.3682,10941,1840004862
Rensselaer,NY,New York,Rensselaer,42.6464,-73.733,12144,1840000394
Pleasant Valley,NY,New York,Dutchess,41.7474,-73.8248,12569,1840004744
Thendara,NY,New York,Herkimer,43.701,-74.9972,13472,1840033970
Elizabethtown,NY,New York,Essex,44.2197,-73.5934,12932,1840025365
North Lindenhurst,NY,New York,Suffolk,40.7072,-73.3859,11757 11701,1840005058
Wolcott,NY,New York,Wayne,43.2225,-76.8135,14590 13154,1840004297
Angelica,NY,New York,Allegany,42.3055,-78.0206,14709,1840004611
Altona,NY,New York,Clinton,44.8901,-73.6596,12910,1840004035
Mattituck,NY,New York,Suffolk,41.0012,-72.5419,11952,1840005091
Carthage,NY,New York,Jefferson,43.9838,-75.6022,13619,1840004125
San Remo,NY,New York,Suffolk,40.882,-73.2207,11787,1840033951
Stone Ridge,NY,New York,Ulster,41.8414,-74.1539,12440 12484,1840004724
Islip,NY,New York,Suffolk,40.7357,-73.2158,11751 11706,1840005082
Cassadaga,NY,New York,Chautauqua,42.3427,-79.318,14718,1840004576
Frewsburg,NY,New York,Chautauqua,42.0575,-79.1485,14738,1840004563
Greenville,NY,New York,Greene,42.4132,-74.0217,12083,1840004643
Holland Patent,NY,New York,Oneida,43.2413,-75.2567,13354,1840004205
Edmeston,NY,New York,Otsego,42.6989,-75.2523,13335,1840025467
Jamesville,NY,New York,Onondaga,42.992,-76.0716,13078,1840033898
Amawalk,NY,New York,Westchester,41.2884,-73.7662,10501,1840033998
Clintondale,NY,New York,Ulster,41.6927,-74.0458,12515 12528,1840004703
North Amityville,NY,New York,Suffolk,40.7005,-73.4118,11726 11701,1840005053
Island Park,NY,New York,Nassau,40.6052,-73.6555,11558,1840005297
Rotterdam,NY,New York,Schenectady,42.7786,-73.9538,12306 12303,1840004446
Granite Springs,NY,New York,Westchester,41.3104,-73.7574,10527,1840034004
Manlius,NY,New York,Onondaga,43.0016,-75.9818,13104,1840004323
North Bellmore,NY,New York,Nassau,40.6904,-73.539,11710,1840005240
Coopers Plains,NY,New York,Steuben,42.1794,-77.1376,14870 14827,1840026197
Muttontown,NY,New York,Nassau,40.8254,-73.5363,11545 11791 11732,1840005312
Cedarhurst,NY,New York,Nassau,40.6252,-73.7278,11516,1840005339
Yonkers,NY,New York,Westchester,40.9466,-73.8674,10708 10703 10701 10705 10704 10707 10710 10702,1840003478
Lawrence,NY,New York,Nassau,40.6042,-73.7149,11559,1840005303
Rensselaer Falls,NY,New York,St. Lawrence,44.5909,-75.3191,13680,1840004062
Glen Aubrey,NY,New York,Broome,42.2623,-76.0002,13862 13777,1840026208
Brooklyn,NY,New York,Kings,40.6501,-73.9496,11212 11213 11216 11233 11238 11209 11214 11228 11204 11218 11219 11230 11234 11236 11239 11223 11224 11229 11235 11201 11205 11215 11217 11231 11203 11210 11225 11226 11207 11208 11211 11222 11220 11232 11206 11221 11237,1840034030
East Aurora,NY,New York,Erie,42.7666,-78.6172,14052,1840004398
Sandy Beach,NY,New York,Erie,43.0564,-78.9598,14072,1840033952
Massena,NY,New York,St. Lawrence,44.9292,-74.8923,13662,1840004058
Holtsville,NY,New York,Suffolk,40.8124,-73.0447,11742 00501 00544,1840005079
Central Square,NY,New York,Oswego,43.286,-76.1419,13036,1840004197
Ardsley,NY,New York,Westchester,41.0135,-73.8395,10502,1840004947
Point Lookout,NY,New York,Nassau,40.5903,-73.5795,11569,1840005251
Binghamton,NY,New York,Broome,42.1014,-75.9092,13904 13905 13901 13903,1840000460
Gardnertown,NY,New York,Orange,41.5328,-74.0594,12550 12555,1840004861
Oneida Castle,NY,New York,Oneida,43.0814,-75.6331,13421,1840004208
Blairville,NY,New York,Niagara,43.2339,-79.017,14174,1840033853
Ames,NY,New York,Montgomery,42.8373,-74.6014,13317,1840004408
Blauvelt,NY,New York,Rockland,41.0689,-73.9544,10913,1840004959
Lake Success,NY,New York,Nassau,40.768,-73.7089,11042 11020,1840005300
Trumansburg,NY,New York,Tompkins,42.541,-76.6618,14886,1840004545
Water Valley,NY,New York,Erie,42.7056,-78.85,14075,1840033983
Sidney Center,NY,New York,Delaware,42.2906,-75.2557,13839,1840033959
Spring Valley,NY,New York,Rockland,41.115,-74.0486,10952 10977,1840004986
Hewlett,NY,New York,Nassau,40.6422,-73.6942,11563 11557,1840005265
Village of the Branch,NY,New York,Suffolk,40.8524,-73.1843,11787,1840034011
Lake Clear,NY,New York,Franklin,44.3676,-74.2327,12945,1840034015
Rifton,NY,New York,Ulster,41.8288,-74.0381,12561 12471 12487,1840004712
Mahopac,NY,New York,Putnam,41.3684,-73.7401,10541 10542,1840004891
Big Flats,NY,New York,Chemung,42.1621,-76.9015,14814 14845 14903,1840004685
Athol Springs,NY,New York,Erie,42.7698,-78.8664,14075,1840033843
Mariaville Lake,NY,New York,Schenectady,42.8252,-74.1287,12053 12137 12306,1840004447
Belleville,NY,New York,Jefferson,43.7842,-76.1169,13605 13650,1840023978
Franklin,NY,New York,Delaware,42.3416,-75.1659,13775,1840004617
Niskayuna,NY,New York,Schenectady,42.8169,-73.8977,12309,1840004445
La Fargeville,NY,New York,Jefferson,44.1959,-75.9628,13656,1840004110
Callicoon,NY,New York,Sullivan,41.7664,-75.0611,12723,1840004782
Gowanda,NY,New York,Cattaraugus,42.4612,-78.9339,14070,1840004590
Highland,NY,New York,Ulster,41.7179,-73.9646,12528,1840004716
Voorheesville,NY,New York,Albany,42.6517,-73.9348,12186,1840004493
Cherry Valley,NY,New York,Otsego,42.7978,-74.7507,13320,1840004459
Myers Corner,NY,New York,Dutchess,41.5947,-73.8743,12590 12537,1840004742
West Hills,NY,New York,Suffolk,40.8198,-73.4339,11743 11747,1840034031
Natural Bridge,NY,New York,Jefferson,44.0717,-75.4998,13665,1840004107
Congers,NY,New York,Rockland,41.1484,-73.9456,10989 10920,1840004960
Crotonville,NY,New York,Westchester,41.1876,-73.8701,10562,1840033869
Eatons Neck,NY,New York,Suffolk,40.9328,-73.3951,11768,1840034049
Rapids,NY,New York,Niagara,43.0976,-78.644,14094,1840004269
Lake Luzerne,NY,New York,Warren,43.3239,-73.8344,12846,1840024020
Staatsburg,NY,New York,Dutchess,41.8553,-73.9256,12580,1840004747
Helena,NY,New York,St. Lawrence,44.9217,-74.7263,13613,1840034020
Busti,NY,New York,Chautauqua,42.0424,-79.2789,14701,1840025494
Getzville,NY,New York,Erie,43.0239,-78.7678,14068,1840033889
Malden-on-Hudson,NY,New York,Ulster,42.0933,-73.9365,12453,1840004721
Lakeville,NY,New York,Livingston,42.8367,-77.7032,14480,1840024076
Bainbridge,NY,New York,Chenango,42.2974,-75.4808,13733,1840004514
Virgil,NY,New York,Cortland,42.5141,-76.2001,13045,1840033978
Kings Point,NY,New York,Nassau,40.8162,-73.7408,11024 11023,1840005299
Schaghticoke,NY,New York,Rensselaer,42.8988,-73.5878,12154,1840004438
Pawling,NY,New York,Dutchess,41.5633,-73.5988,12564,1840004751
Lancaster,NY,New York,Erie,42.9007,-78.6701,14086,1840004387
Water Mill,NY,New York,Suffolk,40.9222,-72.3532,11976,1840033982
Union Springs,NY,New York,Cayuga,42.8458,-76.691,13160,1840004242
Peru,NY,New York,Clinton,44.5789,-73.5341,12972,1840004039
Phoenix,NY,New York,Oswego,43.2316,-76.2961,13135,1840004193
Chazy,NY,New York,Clinton,44.8904,-73.4354,12921,1840026117
Lincolndale,NY,New York,Westchester,41.336,-73.7254,10589 10541,1840004924
Hudson,NY,New York,Columbia,42.2515,-73.7859,12534,1840000454
Plainview,NY,New York,Nassau,40.7832,-73.4732,11803,1840005250
Fort Plain,NY,New York,Montgomery,42.9316,-74.6277,13339,1840004402
Roslyn Harbor,NY,New York,Nassau,40.8157,-73.6379,11576,1840005323
Thomaston,NY,New York,Nassau,40.7875,-73.7151,11021,1840005329
Acra,NY,New York,Greene,42.3109,-74.0554,12405,1840033835
Cambria Center,NY,New York,Niagara,43.1778,-78.8195,14094,1840033859
Bennetts Corners,NY,New York,Orleans,43.1951,-78.0172,14470,1840025443
Sleepy Hollow,NY,New York,Westchester,41.0936,-73.8724,10591,1840004944
Cold Spring Harbor,NY,New York,Suffolk,40.8608,-73.4488,11743 11724,1840005029
Altamont,NY,New York,Albany,42.7049,-74.034,12009,1840004494
North Merrick,NY,New York,Nassau,40.6871,-73.5615,11566,1840005242
Peach Lake,NY,New York,Putnam,41.3682,-73.5778,10560 10509,1840034058
Dunkirk,NY,New York,Chautauqua,42.4803,-79.3323,14048,1840000445
Ellicott,NY,New York,Erie,42.7345,-78.7314,14127,1840033883
Manhattan,NY,New York,New York,40.7834,-73.9662,10026 10027 10030 10037 10039 10001 10011 10018 10019 10020 10036 10029 10035 10010 10016 10017 10022 10012 10013 10014 10004 10005 10006 10007 10038 10280 10002 10003 10009 10021 10028 10044 10065 10075 10128 10023 10024 10025 10031 10032 10033 10034 10040,1840034000
Beacon,NY,New York,Dutchess,41.5036,-73.9655,12508,1840000499
Keuka Park,NY,New York,Yates,42.6123,-77.0916,14478 14527,1840026189
Mechanicstown,NY,New York,Orange,41.4472,-74.3914,10940,1840004857
Spencerport,NY,New York,Monroe,43.1884,-77.8065,14559,1840004285
Smithville Flats,NY,New York,Chenango,42.3943,-75.8105,13841 13778,1840025491
Geneva,NY,New York,Ontario,42.8644,-76.9827,14456,1840000393
Whitehall,NY,New York,Washington,43.5549,-73.4222,12887,1840004180
East Ithaca,NY,New York,Tompkins,42.4263,-76.4627,14850,1840033874
Savannah,NY,New York,Wayne,43.0667,-76.7596,13146,1840026165
Kennedy,NY,New York,Chautauqua,42.159,-79.0982,14747,1840025495
Garden City Park,NY,New York,Nassau,40.7436,-73.6639,11040,1840005257
Wells,NY,New York,Hamilton,43.3963,-74.2979,12190,1840033984
Meridian,NY,New York,Cayuga,43.163,-76.5382,13113 13033,1840004239
South Floral Park,NY,New York,Nassau,40.7135,-73.7004,11001,1840005327
Dannemora,NY,New York,Clinton,44.7197,-73.7185,12929,1840004045
Wellsville,NY,New York,Allegany,42.1207,-77.9457,14895,1840004607
Burke,NY,New York,Franklin,44.9032,-74.17,12917,1840004071
West Elmira,NY,New York,Chemung,42.0879,-76.8472,14905,1840004687
South Glens Falls,NY,New York,Saratoga,43.2951,-73.6351,12803,1840004251
Ghent,NY,New York,Columbia,42.3254,-73.6179,12075,1840004628
Van Etten,NY,New York,Chemung,42.1975,-76.5542,14889,1840004690
Skaneateles,NY,New York,Onondaga,42.9458,-76.4282,13152,1840004327
West Islip,NY,New York,Suffolk,40.7097,-73.2971,11795,1840005111
Mount Vernon,NY,New York,Westchester,40.9136,-73.8291,10552 10550 10553 10551,1840000781
Stottville,NY,New York,Columbia,42.2913,-73.7532,12172 12534,1840004629
Johnstown,NY,New York,Fulton,43.0073,-74.3755,12095,1840000376
Solvay,NY,New York,Onondaga,43.0573,-76.2125,13204 13209,1840004328
Felts Mills,NY,New York,Jefferson,44.02,-75.7595,13612 13638,1840023979
Deferiet,NY,New York,Jefferson,44.0343,-75.6792,13619 13628,1840004128
Goldens Bridge,NY,New York,Westchester,41.2877,-73.6681,10536 10526,1840033892
Hicksville,NY,New York,Nassau,40.7637,-73.5245,11801 11802 11815,1840005266
Malverne Park Oaks,NY,New York,Nassau,40.6817,-73.6642,11565 11552,1840034037
Greigsville,NY,New York,Livingston,42.8307,-77.9015,14533,1840024072
South Wilson,NY,New York,Niagara,43.2417,-78.8131,14172,1840034001
Roscoe,NY,New York,Sullivan,41.9403,-74.9132,12776,1840004785
Galeville,NY,New York,Onondaga,43.0889,-76.1815,13088,1840004315
Hunt,NY,New York,Livingston,42.5477,-77.991,14846,1840024074
Wilmington,NY,New York,Essex,44.387,-73.8175,12997,1840025367
Mannsville,NY,New York,Jefferson,43.7158,-76.0649,13661,1840004114
Glen Cove,NY,New York,Nassau,40.8709,-73.6287,11542,1840000987
Au Sable Forks,NY,New York,Essex,44.451,-73.6734,12912,1840004036
Scotia,NY,New York,Schenectady,42.8322,-73.9607,12302,1840004448
Pekin,NY,New York,Niagara,43.1684,-78.885,14132,1840033930
Corinth,NY,New York,Saratoga,43.2456,-73.8311,12822,1840004255
Derby,NY,New York,Erie,42.6814,-78.9753,14047,1840033871
Kinderhook,NY,New York,Columbia,42.3944,-73.7038,12106,1840004630
Brownville,NY,New York,Jefferson,44.0056,-75.9835,13615,1840004123
Nelliston,NY,New York,Montgomery,42.9318,-74.6099,13428 13339 13410,1840004405
Munsons Corners,NY,New York,Cortland,42.5762,-76.2053,13045,1840004496
Gloversville,NY,New York,Fulton,43.0491,-74.3466,12078,1840000375
Melville,NY,New York,Suffolk,40.7823,-73.4087,11747 11775,1840005044
Redwood,NY,New York,Jefferson,44.3011,-75.8063,13679,1840004108
Prospect,NY,New York,Oneida,43.3049,-75.1509,13435,1840004211
East Hampton,NY,New York,Suffolk,40.9527,-72.1961,11937,1840005147
Limestone,NY,New York,Cattaraugus,42.0228,-78.6325,14753,1840033907
Fairmount,NY,New York,Onondaga,43.0414,-76.2485,13219 13031,1840000377
North Ridge,NY,New York,Niagara,43.2126,-78.8259,14094,1840033926
Eastchester,NY,New York,Westchester,40.8884,-73.8282,10466,1840005225
Tully,NY,New York,Onondaga,42.7979,-76.1101,13159,1840004329
Orient,NY,New York,Suffolk,41.1425,-72.277,11957,1840005064
Taconic Shores,NY,New York,Columbia,42.1192,-73.5532,12516,1840034068
Elwood,NY,New York,Suffolk,40.8462,-73.3389,11743 11731,1840005008
Stamford,NY,New York,Delaware,42.4093,-74.617,12167,1840004622
New Suffolk,NY,New York,Suffolk,40.9961,-72.4767,11956,1840005052
Black River,NY,New York,Jefferson,44.0089,-75.7966,13612,1840004122
Heritage Hills,NY,New York,Westchester,41.3397,-73.7016,10589,1840034035
Earlville,NY,New York,Madison,42.7401,-75.5436,13332,1840004363
Warsaw,NY,New York,Wyoming,42.7429,-78.1414,14569,1840004471
Manhasset,NY,New York,Nassau,40.7884,-73.6942,11030,1840005273
Staten Island,NY,New York,Richmond,40.5834,-74.1496,10302 10303 10310 10306 10307 10308 10309 10312 10301 10304 10305 10314,1840034032
New Hyde Park,NY,New York,Nassau,40.7324,-73.6857,11040,1840005313